0.0,-0.5286028220000001,1.128553931,1.295215936,1.0,1.0,0.0,0.0,1.0,0.0,0.0,0.0,0.0,1
1.0,-1.736944911,0.383827971,1.295215936,0.0,0.0,0.0,1.0,1.0,0.0,0.0,0.0,0.0,1
2.0,-0.8074509959999999,-0.360897989,-0.526555605,0.0,0.0,0.0,0.0,2.0,0.0,0.0,0.0,0.0,1
3.0,0.390083024,-1.850349908,-0.857786795,0.0,0.0,1.0,1.0,2.0,0.0,0.0,0.0,0.0,1
4.0,-1.045228509,0.011464991,-0.360940011,1.0,0.0,1.0,1.0,1.0,0.0,0.0,0.0,0.0,1
5.0,0.467901119,-0.733260969,1.957678314,1.0,0.0,0.0,1.0,1.0,0.0,0.0,0.0,0.0,1
6.0,0.5132950079999999,0.7561909509999999,2.620140693,1.0,1.0,0.0,0.0,1.0,0.0,0.0,0.0,0.0,1
7.0,-1.045228509,1.128553931,0.301522368,1.0,1.0,0.0,0.0,2.0,0.0,0.0,0.0,0.0,1
8.0,0.7489109070000001,0.011464991,0.798369152,1.0,1.0,0.0,0.0,1.0,0.0,0.0,0.0,0.0,1
9.0,-0.396744383,0.383827971,-0.526555605,0.0,0.0,0.0,0.0,1.0,0.0,0.0,0.0,0.0,1
10.0,0.022608686,0.011464991,1.626447125,0.0,0.0,1.0,1.0,1.0,0.0,0.0,0.0,0.0,1
11.0,-1.131693059,1.128553931,0.135906773,0.0,1.0,0.0,0.0,1.0,0.0,0.0,0.0,0.0,1
12.0,-1.283006022,1.128553931,-1.189017984,1.0,0.0,0.0,0.0,2.0,0.0,0.0,0.0,0.0,1
13.0,1.064506516,0.011464991,-0.029708822000000006,1.0,1.0,0.0,0.0,2.0,0.0,0.0,0.0,0.0,1
14.0,-0.288663695,0.011464991,-1.189017984,0.0,0.0,0.0,1.0,2.0,0.0,0.0,0.0,0.0,1
15.0,0.489517257,-0.733260969,-1.189017984,1.0,0.0,0.0,0.0,1.0,0.0,0.0,0.0,0.0,1
16.0,0.489517257,-0.733260969,-0.360940011,1.0,0.0,1.0,1.0,1.0,0.0,0.0,0.0,0.0,1
17.0,0.078810643,0.383827971,-1.189017984,1.0,0.0,0.0,1.0,2.0,0.0,0.0,0.0,0.0,1
18.0,1.138001383,0.7561909509999999,0.135906773,1.0,0.0,0.0,1.0,1.0,0.0,0.0,0.0,0.0,1
19.0,-1.066844647,0.7561909509999999,0.467137962,0.0,1.0,1.0,0.0,1.0,0.0,0.0,0.0,0.0,1
20.0,1.181233658,-0.360897989,-0.360940011,0.0,1.0,0.0,0.0,1.0,0.0,0.0,0.0,0.0,1
21.0,0.403052707,-1.1056239490000002,-0.029708822000000006,1.0,1.0,1.0,0.0,2.0,0.0,0.0,0.0,0.0,1
22.0,1.310930484,-1.4779869280000002,-0.857786795,0.0,1.0,0.0,1.0,1.0,0.0,0.0,0.0,0.0,1
23.0,-0.872299409,0.383827971,1.46083153,0.0,1.0,0.0,0.0,1.0,0.0,0.0,0.0,0.0,1
24.0,0.316588156,-0.360897989,0.632753557,1.0,0.0,0.0,0.0,1.0,0.0,0.0,0.0,0.0,1
25.0,0.403052707,-0.360897989,0.135906773,1.0,0.0,1.0,0.0,2.0,0.0,0.0,0.0,0.0,1
26.0,-0.059532637,-0.360897989,-0.360940011,0.0,1.0,0.0,0.0,1.0,0.0,0.0,0.0,0.0,1
27.0,-0.115734595,0.383827971,0.467137962,0.0,1.0,1.0,0.0,1.0,0.0,0.0,0.0,0.0,1
28.0,1.22230432,-1.4779869280000002,1.129600341,0.0,1.0,1.0,0.0,2.0,0.0,0.0,0.0,0.0,1
29.0,0.965072283,-0.360897989,-1.685864768,0.0,0.0,0.0,0.0,2.0,0.0,0.0,0.0,0.0,1
30.0,0.878607733,-0.360897989,1.295215936,1.0,1.0,0.0,0.0,1.0,0.0,0.0,0.0,0.0,1
31.0,-0.07250231900000001,-0.733260969,0.632753557,1.0,0.0,0.0,1.0,1.0,0.0,0.0,0.0,0.0,1
32.0,-2.320580625,1.873279891,-0.526555605,1.0,1.0,1.0,0.0,2.0,0.0,0.0,0.0,0.0,1
33.0,-2.017954699,1.873279891,-1.189017984,1.0,0.0,0.0,1.0,1.0,0.0,0.0,0.0,0.0,1
34.0,-0.634521896,1.128553931,0.135906773,1.0,1.0,1.0,0.0,1.0,0.0,0.0,0.0,0.0,1
35.0,1.202849796,-1.4779869280000002,-0.857786795,0.0,1.0,0.0,0.0,1.0,0.0,0.0,0.0,0.0,1
36.0,1.505475722,-1.4779869280000002,0.467137962,1.0,1.0,0.0,0.0,1.0,0.0,0.0,0.0,0.0,1
37.0,0.165275194,-1.1056239490000002,1.46083153,1.0,1.0,1.0,0.0,1.0,0.0,0.0,0.0,0.0,1
38.0,0.90022387,0.011464991,-0.360940011,0.0,1.0,0.0,0.0,1.0,0.0,0.0,0.0,0.0,1
39.0,1.483859584,-0.360897989,-0.19532441600000006,1.0,1.0,0.0,1.0,1.0,0.0,0.0,0.0,0.0,1
40.0,1.181233658,-0.360897989,-0.6921712,1.0,1.0,0.0,0.0,1.0,0.0,0.0,0.0,0.0,1
41.0,-1.931490149,1.873279891,-0.526555605,1.0,1.0,0.0,1.0,2.0,0.0,0.0,0.0,0.0,1
42.0,1.386586965,-0.733260969,1.129600341,0.0,0.0,0.0,1.0,1.0,0.0,0.0,0.0,0.0,1
43.0,0.81375932,-0.360897989,0.632753557,1.0,1.0,0.0,0.0,2.0,0.0,0.0,0.0,0.0,1
44.0,-0.037916499,0.383827971,-0.029708822000000006,0.0,1.0,0.0,0.0,1.0,0.0,0.0,0.0,0.0,1
45.0,0.770527045,-0.360897989,-0.029708822000000006,1.0,1.0,0.0,0.0,1.0,0.0,0.0,0.0,0.0,1
46.0,0.269032654,0.383827971,1.46083153,1.0,1.0,1.0,0.0,1.0,0.0,0.0,0.0,0.0,1
47.0,-0.115734595,-0.733260969,-1.354633579,1.0,0.0,0.0,0.0,1.0,0.0,0.0,0.0,0.0,1
48.0,-0.461592795,1.128553931,-1.023402389,1.0,1.0,0.0,1.0,1.0,0.0,0.0,0.0,0.0,1
49.0,1.181233658,-0.360897989,-1.189017984,1.0,0.0,0.0,1.0,2.0,0.0,0.0,0.0,0.0,1
50.0,0.965072283,0.011464991,-1.023402389,0.0,0.0,0.0,1.0,1.0,0.0,0.0,0.0,0.0,1
51.0,0.186891331,0.7561909509999999,-0.857786795,1.0,1.0,0.0,0.0,2.0,0.0,0.0,0.0,0.0,1
52.0,1.310930484,-0.360897989,2.454525098,0.0,1.0,0.0,0.0,1.0,0.0,0.0,0.0,0.0,1
53.0,1.505475722,-0.360897989,-0.029708822000000006,1.0,1.0,0.0,0.0,1.0,0.0,0.0,0.0,0.0,1
54.0,1.1877185,-0.360897989,0.467137962,0.0,0.0,1.0,1.0,1.0,0.0,0.0,0.0,0.0,1
55.0,0.338204294,-0.733260969,-0.19532441600000006,0.0,1.0,0.0,0.0,1.0,0.0,0.0,0.0,0.0,1
56.0,-1.909874011,2.245642871,-1.023402389,0.0,0.0,1.0,1.0,2.0,0.0,0.0,0.0,0.0,1
57.0,1.0731529709999998,-0.733260969,-0.526555605,0.0,0.0,1.0,1.0,2.0,0.0,0.0,0.0,0.0,1
58.0,0.392244638,-0.733260969,-0.19532441600000006,1.0,1.0,1.0,1.0,2.0,0.0,0.0,0.0,0.0,1
59.0,-0.137350732,0.011464991,0.135906773,1.0,0.0,0.0,1.0,1.0,0.0,0.0,0.0,0.0,1
60.0,0.359820432,-0.360897989,-1.023402389,1.0,0.0,0.0,0.0,1.0,0.0,0.0,0.0,0.0,1
61.0,1.267698209,-0.733260969,-1.023402389,1.0,0.0,0.0,0.0,1.0,0.0,0.0,0.0,0.0,1
62.0,-0.115734595,-0.360897989,-1.520249173,1.0,0.0,0.0,0.0,2.0,0.0,0.0,0.0,0.0,1
63.0,0.359820432,0.383827971,1.295215936,0.0,1.0,0.0,0.0,2.0,0.0,0.0,0.0,0.0,1
64.0,0.575981807,-0.360897989,-0.6921712,0.0,0.0,0.0,0.0,1.0,0.0,0.0,0.0,0.0,1
65.0,-0.872299409,0.7561909509999999,-1.189017984,1.0,0.0,0.0,0.0,1.0,0.0,0.0,0.0,0.0,1
66.0,-0.958763959,0.011464991,0.135906773,1.0,1.0,0.0,1.0,1.0,0.0,0.0,0.0,0.0,1
67.0,0.7597189759999999,-0.733260969,0.467137962,1.0,1.0,1.0,0.0,2.0,0.0,0.0,0.0,0.0,1
68.0,-1.326238297,0.383827971,0.135906773,1.0,0.0,0.0,1.0,1.0,0.0,0.0,0.0,0.0,1
69.0,0.316588156,-0.733260969,-1.023402389,0.0,0.0,0.0,0.0,1.0,0.0,0.0,0.0,0.0,1
70.0,-1.21815761,1.128553931,-0.526555605,1.0,1.0,0.0,1.0,1.0,0.0,0.0,0.0,0.0,1
71.0,-0.850683271,0.7561909509999999,-0.19532441600000006,0.0,1.0,0.0,0.0,2.0,0.0,0.0,0.0,0.0,1
72.0,1.008304558,-0.360897989,-0.19532441600000006,1.0,1.0,0.0,1.0,1.0,0.0,0.0,0.0,0.0,1
73.0,0.078810643,1.128553931,-0.19532441600000006,0.0,1.0,0.0,0.0,1.0,0.0,0.0,0.0,0.0,1
74.0,-0.288663695,-0.360897989,-0.360940011,1.0,1.0,1.0,0.0,2.0,0.0,0.0,0.0,0.0,1
75.0,1.2893143459999998,0.7561909509999999,-0.029708822000000006,0.0,0.0,0.0,1.0,1.0,0.0,0.0,0.0,0.0,1
76.0,0.921840008,0.011464991,-0.360940011,1.0,1.0,0.0,1.0,1.0,0.0,0.0,0.0,0.0,1
77.0,-0.612905758,0.7561909509999999,-0.857786795,0.0,1.0,0.0,0.0,1.0,0.0,0.0,0.0,0.0,1
78.0,-1.585631948,1.128553931,-1.023402389,1.0,0.0,0.0,1.0,2.0,0.0,0.0,0.0,0.0,1
79.0,0.856991595,0.011464991,0.301522368,0.0,1.0,0.0,0.0,2.0,0.0,0.0,0.0,0.0,1
80.0,-0.029270044,0.383827971,0.135906773,0.0,1.0,0.0,0.0,2.0,0.0,0.0,0.0,0.0,1
81.0,0.90022387,-0.360897989,0.632753557,0.0,0.0,0.0,1.0,1.0,0.0,0.0,0.0,0.0,1
82.0,-1.974722424,2.618005851,-0.526555605,1.0,1.0,1.0,1.0,2.0,0.0,0.0,0.0,0.0,1
83.0,-0.8290671340000001,1.128553931,-1.189017984,0.0,0.0,0.0,1.0,1.0,0.0,0.0,0.0,0.0,1
84.0,-0.15896687,0.7561909509999999,-0.19532441600000006,0.0,0.0,1.0,0.0,1.0,0.0,0.0,0.0,0.0,1
85.0,-0.5264412079999999,0.011464991,-1.354633579,0.0,0.0,0.0,1.0,2.0,0.0,0.0,0.0,0.0,1
86.0,-0.15896687,-0.360897989,-0.857786795,1.0,0.0,0.0,1.0,2.0,0.0,0.0,0.0,0.0,1
87.0,-0.483208933,-0.360897989,-1.685864768,0.0,0.0,0.0,1.0,2.0,0.0,0.0,0.0,0.0,1
88.0,1.127193315,-1.4779869280000002,-1.023402389,1.0,1.0,0.0,1.0,2.0,0.0,0.0,0.0,0.0,1
89.0,-0.483208933,1.128553931,-0.360940011,0.0,1.0,0.0,0.0,1.0,0.0,0.0,0.0,0.0,1
90.0,1.064506516,0.011464991,1.626447125,0.0,1.0,0.0,1.0,2.0,0.0,0.0,0.0,0.0,1
91.0,1.32606178,-0.360897989,0.632753557,1.0,1.0,0.0,0.0,1.0,0.0,0.0,0.0,0.0,1
92.0,-1.283006022,1.873279891,-0.029708822000000006,0.0,1.0,1.0,0.0,2.0,0.0,0.0,0.0,0.0,1
93.0,-0.50482507,-0.360897989,-0.360940011,0.0,0.0,0.0,1.0,1.0,0.0,0.0,0.0,0.0,1
94.0,0.835375458,-0.733260969,-1.023402389,0.0,0.0,0.0,1.0,1.0,0.0,0.0,0.0,0.0,1
95.0,0.426830458,-0.733260969,1.957678314,0.0,0.0,0.0,0.0,2.0,0.0,0.0,0.0,0.0,1
96.0,0.856991595,-1.1056239490000002,-0.6921712,0.0,1.0,0.0,0.0,1.0,0.0,0.0,0.0,0.0,1
97.0,0.424668844,-0.733260969,0.467137962,1.0,0.0,0.0,1.0,1.0,0.0,0.0,0.0,0.0,1
98.0,0.403052707,0.011464991,-1.354633579,0.0,0.0,0.0,1.0,2.0,0.0,0.0,0.0,0.0,1
99.0,0.684062495,-0.360897989,-0.19532441600000006,0.0,1.0,1.0,0.0,1.0,0.0,0.0,0.0,0.0,1
100.0,0.316588156,-1.4779869280000002,-0.857786795,1.0,0.0,0.0,1.0,2.0,0.0,0.0,0.0,0.0,1
101.0,-0.915531684,1.128553931,-0.360940011,0.0,0.0,1.0,0.0,2.0,1.0,0.0,0.0,0.0,1
102.0,-1.045228509,0.7561909509999999,-1.685864768,0.0,0.0,0.0,0.0,2.0,1.0,0.0,0.0,0.0,1
103.0,-2.061186974,2.618005851,0.798369152,0.0,0.0,0.0,0.0,2.0,1.0,0.0,0.0,0.0,1
104.0,-0.483208933,0.011464991,0.135906773,0.0,0.0,0.0,1.0,1.0,1.0,0.0,0.0,0.0,1
105.0,0.122042918,0.011464991,0.301522368,0.0,1.0,1.0,0.0,1.0,1.0,0.0,0.0,0.0,1
106.0,-0.007653907,-0.360897989,-1.189017984,0.0,0.0,0.0,1.0,2.0,1.0,0.0,0.0,0.0,1
107.0,-0.548057346,0.011464991,0.798369152,0.0,0.0,0.0,0.0,1.0,1.0,0.0,0.0,0.0,1
108.0,0.165275194,0.7561909509999999,1.295215936,1.0,0.0,0.0,0.0,2.0,1.0,0.0,0.0,0.0,1
109.0,0.240931675,1.128553931,0.632753557,1.0,0.0,0.0,0.0,1.0,1.0,0.0,0.0,0.0,1
110.0,0.230123606,0.383827971,1.46083153,0.0,1.0,1.0,0.0,1.0,1.0,0.0,0.0,0.0,1
111.0,0.381436569,-0.360897989,-1.685864768,1.0,0.0,0.0,0.0,2.0,1.0,0.0,0.0,0.0,1
112.0,-0.5264412079999999,0.383827971,0.632753557,0.0,1.0,0.0,1.0,1.0,1.0,0.0,0.0,0.0,1
113.0,-1.283006022,1.128553931,2.2889095040000003,0.0,0.0,0.0,0.0,1.0,1.0,0.0,0.0,0.0,1
114.0,-0.720986446,1.128553931,1.295215936,0.0,1.0,0.0,0.0,1.0,1.0,0.0,0.0,0.0,1
115.0,-0.148158801,0.383827971,0.632753557,1.0,1.0,0.0,1.0,1.0,1.0,0.0,0.0,0.0,1
116.0,0.802951251,-1.4779869280000002,1.295215936,1.0,1.0,1.0,0.0,1.0,1.0,0.0,0.0,0.0,1
117.0,0.856991595,-0.733260969,-0.360940011,1.0,1.0,0.0,0.0,1.0,1.0,0.0,0.0,0.0,1
118.0,-0.029270044,0.011464991,-0.19532441600000006,1.0,0.0,0.0,1.0,1.0,1.0,0.0,0.0,0.0,1
119.0,0.770527045,-0.360897989,-0.6921712,1.0,0.0,0.0,0.0,1.0,1.0,0.0,0.0,0.0,1
120.0,-0.223815282,0.383827971,-1.023402389,1.0,0.0,0.0,1.0,2.0,1.0,0.0,0.0,0.0,1
121.0,-1.153309197,1.128553931,0.632753557,1.0,0.0,0.0,1.0,1.0,1.0,0.0,0.0,0.0,1
122.0,-1.088460784,1.128553931,-0.526555605,1.0,0.0,0.0,0.0,1.0,1.0,0.0,0.0,0.0,1
123.0,0.316588156,-0.360897989,-1.189017984,1.0,1.0,0.0,0.0,2.0,1.0,0.0,0.0,0.0,1
124.0,-2.45027745,2.618005851,1.46083153,0.0,0.0,0.0,0.0,2.0,1.0,0.0,0.0,0.0,1
125.0,1.202849796,-1.850349908,1.46083153,0.0,1.0,0.0,0.0,1.0,1.0,0.0,0.0,0.0,1
126.0,-1.0019962340000002,1.128553931,0.467137962,0.0,0.0,0.0,0.0,2.0,1.0,0.0,0.0,0.0,1
127.0,-1.520783535,2.245642871,2.2889095040000003,0.0,1.0,0.0,1.0,1.0,1.0,0.0,0.0,0.0,1
128.0,-0.785834859,0.7561909509999999,1.295215936,0.0,0.0,0.0,1.0,1.0,1.0,0.0,0.0,0.0,1
129.0,-1.736944911,1.873279891,0.798369152,0.0,0.0,0.0,1.0,1.0,1.0,0.0,0.0,0.0,1
130.0,0.943456145,-0.360897989,-0.857786795,1.0,0.0,0.0,0.0,2.0,1.0,0.0,0.0,0.0,1
131.0,0.143659056,-0.360897989,2.2889095040000003,1.0,1.0,0.0,0.0,1.0,1.0,0.0,0.0,0.0,1
132.0,-0.223815282,0.383827971,1.46083153,1.0,1.0,0.0,1.0,1.0,1.0,0.0,0.0,0.0,1
133.0,-1.434318985,1.128553931,-0.029708822000000006,0.0,0.0,0.0,1.0,1.0,1.0,0.0,0.0,0.0,1
134.0,-0.180583007,0.7561909509999999,-0.19532441600000006,1.0,0.0,1.0,0.0,2.0,1.0,0.0,0.0,0.0,1
135.0,-1.066844647,1.128553931,1.295215936,0.0,1.0,1.0,1.0,1.0,1.0,0.0,0.0,0.0,1
136.0,0.619214082,0.011464991,-1.189017984,1.0,0.0,0.0,0.0,2.0,1.0,0.0,0.0,0.0,1
137.0,0.273355881,-0.360897989,-0.6921712,1.0,0.0,0.0,1.0,2.0,1.0,0.0,0.0,0.0,1
138.0,0.943456145,-0.360897989,-0.6921712,1.0,0.0,0.0,1.0,2.0,1.0,0.0,0.0,0.0,1
139.0,1.159617521,0.011464991,-0.360940011,1.0,1.0,1.0,0.0,2.0,1.0,0.0,0.0,0.0,1
140.0,0.5327495320000001,-0.360897989,-1.354633579,0.0,0.0,0.0,0.0,2.0,1.0,0.0,0.0,0.0,1
141.0,0.078810643,-0.733260969,-1.189017984,1.0,0.0,0.0,0.0,2.0,1.0,0.0,0.0,0.0,1
142.0,1.159617521,0.011464991,0.632753557,0.0,1.0,1.0,0.0,2.0,1.0,0.0,0.0,0.0,1
143.0,0.943456145,-0.733260969,0.963984746,1.0,1.0,1.0,0.0,1.0,1.0,0.0,0.0,0.0,1
144.0,0.98668842,-0.360897989,-0.526555605,1.0,1.0,0.0,0.0,2.0,1.0,0.0,0.0,0.0,1
145.0,1.116385246,-0.360897989,0.135906773,0.0,0.0,1.0,1.0,1.0,1.0,0.0,0.0,0.0,1
146.0,0.965072283,-1.1056239490000002,1.626447125,0.0,0.0,1.0,1.0,2.0,1.0,0.0,0.0,0.0,1
147.0,-0.007653907,-1.4779869280000002,-0.857786795,0.0,0.0,0.0,1.0,1.0,1.0,0.0,0.0,0.0,1
148.0,0.078810643,0.7561909509999999,0.135906773,0.0,1.0,0.0,0.0,2.0,1.0,0.0,0.0,0.0,1
149.0,1.505475722,-1.1056239490000002,1.626447125,1.0,0.0,1.0,0.0,1.0,1.0,0.0,0.0,0.0,1
150.0,0.28416395,0.7561909509999999,0.135906773,1.0,0.0,0.0,1.0,1.0,1.0,0.0,0.0,0.0,1
151.0,-0.569673483,0.383827971,0.632753557,0.0,1.0,0.0,0.0,1.0,1.0,0.0,0.0,0.0,1
152.0,0.251739744,0.7561909509999999,-0.526555605,0.0,0.0,0.0,1.0,1.0,1.0,0.0,0.0,0.0,1
153.0,0.575981807,0.383827971,-0.526555605,1.0,0.0,0.0,1.0,1.0,1.0,0.0,0.0,0.0,1
154.0,0.338204294,-0.360897989,0.798369152,1.0,1.0,1.0,0.0,2.0,1.0,0.0,0.0,0.0,1
155.0,0.316588156,-0.360897989,2.2889095040000003,0.0,0.0,1.0,0.0,1.0,1.0,0.0,0.0,0.0,1
156.0,-1.283006022,-0.360897989,-0.19532441600000006,0.0,0.0,0.0,1.0,1.0,1.0,0.0,0.0,0.0,1
157.0,0.81375932,-0.360897989,-0.360940011,0.0,0.0,0.0,0.0,1.0,1.0,0.0,0.0,0.0,1
158.0,-1.066844647,1.128553931,2.2889095040000003,0.0,1.0,0.0,1.0,1.0,1.0,0.0,0.0,0.0,1
159.0,1.505475722,-0.360897989,0.135906773,1.0,0.0,0.0,0.0,2.0,1.0,0.0,0.0,0.0,1
160.0,-0.785834859,1.128553931,-0.857786795,1.0,0.0,0.0,0.0,2.0,1.0,0.0,0.0,0.0,1
161.0,-1.6504803609999998,1.128553931,0.467137962,1.0,0.0,0.0,1.0,1.0,1.0,0.0,0.0,0.0,1
162.0,0.792143183,-0.360897989,-1.520249173,1.0,0.0,0.0,0.0,1.0,1.0,0.0,0.0,0.0,1
163.0,1.419011171,-1.4779869280000002,-0.526555605,0.0,0.0,0.0,1.0,1.0,1.0,0.0,0.0,0.0,1
164.0,1.0731529709999998,-0.733260969,-1.023402389,0.0,0.0,0.0,1.0,2.0,1.0,0.0,0.0,0.0,1
165.0,-0.764218721,1.128553931,-1.189017984,0.0,0.0,0.0,0.0,1.0,1.0,0.0,0.0,0.0,1
166.0,0.705678632,-0.733260969,1.957678314,1.0,1.0,0.0,0.0,1.0,1.0,0.0,0.0,0.0,1
167.0,0.965072283,-0.733260969,0.467137962,1.0,1.0,0.0,0.0,2.0,1.0,0.0,0.0,0.0,1
168.0,0.057194506,-0.360897989,0.963984746,1.0,1.0,0.0,0.0,2.0,1.0,0.0,0.0,0.0,1
169.0,0.424668844,-1.1056239490000002,-1.189017984,1.0,1.0,0.0,0.0,1.0,1.0,0.0,0.0,0.0,1
170.0,0.359820432,1.873279891,-1.520249173,1.0,0.0,0.0,0.0,1.0,1.0,0.0,0.0,0.0,1
171.0,-0.699370308,0.7561909509999999,-1.189017984,1.0,0.0,0.0,0.0,2.0,1.0,0.0,0.0,0.0,1
172.0,0.424668844,-0.733260969,-0.857786795,1.0,1.0,0.0,0.0,2.0,1.0,0.0,0.0,0.0,1
173.0,-0.33189597,0.7561909509999999,0.798369152,1.0,0.0,1.0,0.0,1.0,1.0,0.0,0.0,0.0,1
174.0,0.932648077,-1.1056239490000002,-0.6921712,1.0,0.0,0.0,1.0,2.0,1.0,0.0,0.0,0.0,1
175.0,0.662446357,-0.733260969,-0.6921712,1.0,0.0,1.0,0.0,2.0,1.0,0.0,0.0,0.0,1
176.0,-0.915531684,1.128553931,-1.354633579,1.0,0.0,0.0,0.0,1.0,1.0,0.0,0.0,0.0,1
177.0,0.72729477,-0.360897989,0.301522368,1.0,1.0,1.0,0.0,1.0,1.0,0.0,0.0,0.0,1
178.0,0.403052707,-1.1056239490000002,0.301522368,1.0,0.0,1.0,1.0,1.0,1.0,0.0,0.0,0.0,1
179.0,0.013962231,0.011464991,1.129600341,0.0,0.0,1.0,1.0,1.0,1.0,0.0,0.0,0.0,1
180.0,0.186891331,0.383827971,-0.526555605,1.0,0.0,1.0,0.0,2.0,1.0,0.0,0.0,0.0,1
181.0,0.143659056,-0.360897989,-1.354633579,0.0,0.0,0.0,0.0,1.0,1.0,0.0,0.0,0.0,1
182.0,0.424668844,0.383827971,-0.6921712,0.0,0.0,0.0,0.0,1.0,1.0,0.0,0.0,0.0,1
183.0,-0.396744383,0.011464991,-0.19532441600000006,0.0,0.0,0.0,1.0,1.0,1.0,0.0,0.0,0.0,1
184.0,1.116385246,-0.360897989,2.785756287,0.0,0.0,0.0,0.0,1.0,1.0,0.0,0.0,0.0,1
185.0,0.122042918,1.128553931,-0.526555605,1.0,0.0,0.0,0.0,2.0,1.0,0.0,0.0,0.0,1
186.0,-0.937147821,0.011464991,1.129600341,0.0,1.0,0.0,0.0,1.0,1.0,0.0,0.0,0.0,1
187.0,-1.174925334,1.500916911,-0.360940011,1.0,0.0,0.0,0.0,2.0,1.0,0.0,0.0,0.0,1
188.0,-1.239773747,1.128553931,0.135906773,1.0,1.0,0.0,1.0,2.0,1.0,0.0,0.0,0.0,1
189.0,0.81375932,-0.360897989,0.467137962,0.0,1.0,0.0,1.0,2.0,1.0,0.0,0.0,0.0,1
190.0,1.354162759,-0.733260969,-0.526555605,0.0,1.0,1.0,0.0,1.0,1.0,0.0,0.0,0.0,1
191.0,1.505475722,-1.1056239490000002,0.798369152,0.0,0.0,0.0,0.0,2.0,1.0,0.0,0.0,0.0,1
192.0,1.397395034,-1.4779869280000002,0.963984746,1.0,1.0,0.0,0.0,1.0,1.0,0.0,0.0,0.0,1
193.0,0.424668844,0.011464991,-0.526555605,0.0,0.0,0.0,0.0,1.0,1.0,0.0,0.0,0.0,1
194.0,-0.223815282,-0.360897989,-0.029708822000000006,1.0,0.0,0.0,1.0,1.0,1.0,0.0,0.0,0.0,1
195.0,1.354162759,-0.360897989,-1.023402389,0.0,0.0,0.0,0.0,1.0,1.0,0.0,0.0,0.0,1
196.0,0.597597945,0.383827971,1.295215936,1.0,0.0,0.0,1.0,1.0,1.0,0.0,0.0,0.0,1
197.0,1.246082071,-0.360897989,0.632753557,0.0,1.0,0.0,0.0,1.0,1.0,0.0,0.0,0.0,1
198.0,0.705678632,-1.1056239490000002,-1.354633579,1.0,0.0,0.0,0.0,2.0,1.0,0.0,0.0,0.0,1
199.0,1.2893143459999998,-1.4779869280000002,-0.526555605,0.0,0.0,1.0,0.0,2.0,1.0,0.0,0.0,0.0,1
200.0,0.078810643,-0.360897989,0.135906773,0.0,0.0,0.0,0.0,1.0,1.0,0.0,0.0,0.0,1
201.0,0.381436569,-1.1056239490000002,-0.6921712,1.0,1.0,1.0,0.0,2.0,1.0,0.0,0.0,0.0,1
202.0,-0.396744383,-0.360897989,0.467137962,1.0,1.0,0.0,0.0,2.0,0.0,1.0,0.0,0.0,1
203.0,-0.396744383,0.011464991,-1.354633579,1.0,0.0,0.0,0.0,2.0,0.0,1.0,0.0,0.0,1
204.0,0.100426781,0.7561909509999999,-0.6921712,0.0,1.0,1.0,1.0,1.0,0.0,1.0,0.0,0.0,1
205.0,-1.823409461,1.500916911,-0.526555605,1.0,1.0,0.0,1.0,2.0,0.0,1.0,0.0,0.0,1
206.0,-0.548057346,-0.360897989,-0.360940011,0.0,0.0,1.0,1.0,2.0,0.0,1.0,0.0,0.0,1
207.0,-0.007653907,-0.360897989,1.46083153,1.0,0.0,0.0,0.0,2.0,0.0,1.0,0.0,0.0,1
208.0,0.208507469,0.383827971,1.957678314,1.0,1.0,1.0,0.0,1.0,0.0,1.0,0.0,0.0,1
209.0,0.7489109070000001,-1.4779869280000002,-0.029708822000000006,1.0,1.0,1.0,1.0,1.0,0.0,1.0,0.0,0.0,1
210.0,0.878607733,-0.733260969,0.301522368,0.0,0.0,0.0,0.0,1.0,0.0,1.0,0.0,0.0,1
211.0,0.7489109070000001,-0.360897989,1.129600341,1.0,1.0,1.0,0.0,2.0,0.0,1.0,0.0,0.0,1
212.0,0.262547813,-0.733260969,0.301522368,0.0,0.0,1.0,1.0,2.0,0.0,1.0,0.0,0.0,1
213.0,0.965072283,-0.360897989,1.79206272,1.0,1.0,0.0,0.0,1.0,0.0,1.0,0.0,0.0,1
214.0,-0.061694251,0.383827971,-0.6921712,1.0,1.0,1.0,1.0,2.0,0.0,1.0,0.0,0.0,1
215.0,0.467901119,0.7561909509999999,0.798369152,0.0,1.0,0.0,0.0,2.0,0.0,1.0,0.0,0.0,1
216.0,-0.396744383,0.383827971,1.129600341,0.0,1.0,0.0,0.0,2.0,0.0,1.0,0.0,0.0,1
217.0,0.316588156,-0.360897989,-0.360940011,0.0,0.0,1.0,0.0,2.0,0.0,1.0,0.0,0.0,1
218.0,-1.953106286,1.873279891,-0.360940011,0.0,0.0,0.0,1.0,1.0,0.0,1.0,0.0,0.0,1
219.0,0.72729477,-0.733260969,-0.857786795,1.0,1.0,0.0,0.0,2.0,0.0,1.0,0.0,0.0,1
220.0,-0.310279832,1.500916911,0.467137962,1.0,1.0,0.0,0.0,1.0,0.0,1.0,0.0,0.0,1
221.0,-0.569673483,-0.360897989,-1.189017984,1.0,0.0,0.0,1.0,2.0,0.0,1.0,0.0,0.0,1
222.0,-1.56401581,2.245642871,1.46083153,0.0,1.0,0.0,0.0,2.0,0.0,1.0,0.0,0.0,1
223.0,0.186891331,0.011464991,0.963984746,0.0,1.0,0.0,0.0,2.0,0.0,1.0,0.0,0.0,1
224.0,-0.439976658,1.128553931,1.129600341,0.0,1.0,0.0,1.0,1.0,0.0,1.0,0.0,0.0,1
225.0,-1.03442044,1.128553931,-1.189017984,0.0,0.0,0.0,0.0,2.0,0.0,1.0,0.0,0.0,1
226.0,0.078810643,1.128553931,2.2889095040000003,1.0,1.0,1.0,0.0,2.0,0.0,1.0,0.0,0.0,1
227.0,-1.56401581,1.873279891,0.963984746,1.0,0.0,1.0,0.0,2.0,0.0,1.0,0.0,0.0,1
228.0,-0.6193905989999999,1.128553931,1.46083153,0.0,1.0,0.0,0.0,2.0,0.0,1.0,0.0,0.0,1
229.0,1.0731529709999998,-0.733260969,0.301522368,1.0,1.0,1.0,0.0,2.0,0.0,1.0,0.0,0.0,1
230.0,-1.21815761,2.245642871,0.467137962,1.0,1.0,1.0,1.0,2.0,0.0,1.0,0.0,0.0,1
231.0,-0.6777541709999999,-0.733260969,1.295215936,1.0,1.0,0.0,0.0,1.0,0.0,1.0,0.0,0.0,1
232.0,0.7489109070000001,-0.733260969,0.798369152,0.0,0.0,0.0,1.0,2.0,0.0,1.0,0.0,0.0,1
233.0,-0.15896687,0.383827971,1.626447125,0.0,1.0,1.0,0.0,1.0,0.0,1.0,0.0,0.0,1
234.0,1.116385246,-1.1056239490000002,1.46083153,1.0,1.0,0.0,0.0,1.0,0.0,1.0,0.0,0.0,1
235.0,-0.937147821,1.128553931,1.129600341,0.0,1.0,1.0,0.0,1.0,0.0,1.0,0.0,0.0,1
236.0,0.5327495320000001,-0.360897989,0.632753557,0.0,1.0,0.0,0.0,1.0,0.0,1.0,0.0,0.0,1
237.0,-0.41836052,-0.360897989,-0.6921712,1.0,1.0,0.0,1.0,2.0,0.0,1.0,0.0,0.0,1
238.0,-1.412702848,1.500916911,0.798369152,1.0,1.0,0.0,0.0,2.0,0.0,1.0,0.0,0.0,1
239.0,-0.277855626,0.383827971,0.301522368,0.0,1.0,0.0,0.0,2.0,0.0,1.0,0.0,0.0,1
240.0,1.431980854,-1.1056239490000002,-0.857786795,0.0,1.0,0.0,0.0,2.0,0.0,1.0,0.0,0.0,1
241.0,-1.845025599,2.618005851,-1.851480363,1.0,0.0,0.0,0.0,2.0,0.0,1.0,0.0,0.0,1
242.0,-1.045228509,1.128553931,0.135906773,1.0,0.0,0.0,0.0,1.0,0.0,1.0,0.0,0.0,1
243.0,0.64083022,-1.1056239490000002,1.46083153,1.0,1.0,0.0,0.0,1.0,0.0,1.0,0.0,0.0,1
244.0,-1.931490149,0.7561909509999999,0.135906773,0.0,1.0,0.0,1.0,2.0,0.0,1.0,0.0,0.0,1
245.0,0.72729477,0.383827971,0.301522368,0.0,1.0,0.0,0.0,2.0,0.0,1.0,0.0,0.0,1
246.0,1.419011171,-1.4779869280000002,0.798369152,0.0,0.0,0.0,1.0,1.0,0.0,1.0,0.0,0.0,1
247.0,1.267698209,-0.360897989,1.46083153,0.0,1.0,0.0,0.0,1.0,0.0,1.0,0.0,0.0,1
248.0,0.5327495320000001,-1.1056239490000002,-0.360940011,0.0,1.0,1.0,0.0,2.0,0.0,1.0,0.0,0.0,1
249.0,0.165275194,0.383827971,-0.029708822000000006,0.0,1.0,1.0,0.0,2.0,0.0,1.0,0.0,0.0,1
250.0,-0.980380097,0.7561909509999999,0.632753557,1.0,1.0,0.0,1.0,2.0,0.0,1.0,0.0,0.0,1
251.0,1.159617521,-1.4779869280000002,1.129600341,0.0,0.0,0.0,1.0,1.0,0.0,1.0,0.0,0.0,1
252.0,1.494667653,-0.733260969,-1.520249173,1.0,0.0,0.0,1.0,2.0,0.0,1.0,0.0,0.0,1
253.0,0.7597189759999999,0.383827971,-0.360940011,1.0,0.0,0.0,0.0,2.0,0.0,1.0,0.0,0.0,1
254.0,-2.298964487,1.500916911,1.46083153,1.0,1.0,0.0,0.0,2.0,0.0,1.0,0.0,0.0,1
255.0,-1.088460784,0.383827971,0.798369152,1.0,1.0,0.0,0.0,2.0,0.0,1.0,0.0,0.0,1
256.0,1.1877185,-1.1056239490000002,0.632753557,1.0,0.0,1.0,0.0,2.0,0.0,1.0,0.0,0.0,1
257.0,-1.261389885,1.128553931,0.632753557,1.0,1.0,0.0,0.0,2.0,0.0,1.0,0.0,0.0,1
258.0,0.230123606,-0.360897989,-0.526555605,0.0,0.0,0.0,0.0,1.0,0.0,1.0,0.0,0.0,1
259.0,1.094769108,-1.1056239490000002,0.467137962,0.0,1.0,0.0,0.0,1.0,0.0,1.0,0.0,0.0,1
260.0,-0.980380097,0.7561909509999999,-0.360940011,0.0,1.0,0.0,0.0,2.0,0.0,1.0,0.0,0.0,1
261.0,-0.180583007,-0.360897989,0.135906773,1.0,0.0,0.0,0.0,2.0,0.0,1.0,0.0,0.0,1
262.0,0.467901119,0.383827971,-1.189017984,1.0,1.0,0.0,0.0,1.0,0.0,1.0,0.0,0.0,1
263.0,-2.190883799,2.618005851,2.123293909,0.0,1.0,1.0,0.0,1.0,0.0,1.0,0.0,0.0,1
264.0,0.251739744,-0.733260969,-0.360940011,1.0,1.0,0.0,1.0,2.0,0.0,1.0,0.0,0.0,1
265.0,0.359820432,-1.1056239490000002,0.963984746,0.0,1.0,0.0,0.0,2.0,0.0,1.0,0.0,0.0,1
266.0,-0.33189597,0.011464991,0.467137962,0.0,0.0,0.0,0.0,2.0,0.0,1.0,0.0,0.0,1
267.0,1.332546621,-0.360897989,0.301522368,0.0,1.0,1.0,0.0,2.0,0.0,1.0,0.0,0.0,1
268.0,-1.21815761,1.128553931,0.798369152,0.0,1.0,0.0,1.0,2.0,0.0,1.0,0.0,0.0,1
269.0,1.138001383,-1.4779869280000002,-1.520249173,0.0,0.0,0.0,1.0,2.0,0.0,1.0,0.0,0.0,1
270.0,-1.283006022,1.128553931,0.135906773,1.0,1.0,1.0,1.0,1.0,0.0,1.0,0.0,0.0,1
271.0,-0.169774938,0.7561909509999999,-0.526555605,1.0,1.0,0.0,0.0,2.0,0.0,1.0,0.0,0.0,1
272.0,1.0731529709999998,-1.1056239490000002,1.295215936,1.0,1.0,0.0,0.0,1.0,0.0,1.0,0.0,0.0,1
273.0,0.489517257,-0.733260969,-0.029708822000000006,0.0,1.0,0.0,1.0,1.0,0.0,1.0,0.0,0.0,1
274.0,1.483859584,-1.1056239490000002,0.467137962,0.0,0.0,1.0,0.0,1.0,0.0,1.0,0.0,0.0,1
275.0,-0.202199145,-0.733260969,-1.023402389,1.0,1.0,0.0,1.0,2.0,0.0,1.0,0.0,0.0,1
276.0,0.965072283,-1.1056239490000002,0.301522368,1.0,1.0,1.0,0.0,2.0,0.0,1.0,0.0,0.0,1
277.0,-0.439976658,0.011464991,-1.023402389,1.0,1.0,0.0,0.0,2.0,0.0,1.0,0.0,0.0,1
278.0,0.662446357,-0.360897989,0.301522368,0.0,1.0,0.0,0.0,2.0,0.0,1.0,0.0,0.0,1
279.0,1.397395034,-1.1056239490000002,-0.360940011,0.0,1.0,0.0,0.0,2.0,0.0,1.0,0.0,0.0,1
280.0,-0.037916499,0.383827971,1.79206272,1.0,1.0,0.0,1.0,2.0,0.0,1.0,0.0,0.0,1
281.0,-0.785834859,0.7561909509999999,1.295215936,0.0,1.0,0.0,0.0,2.0,0.0,1.0,0.0,0.0,1
282.0,-1.358662504,1.128553931,-0.19532441600000006,0.0,1.0,0.0,1.0,1.0,0.0,1.0,0.0,0.0,1
283.0,-0.548057346,1.128553931,0.301522368,1.0,1.0,1.0,0.0,2.0,0.0,1.0,0.0,0.0,1
284.0,0.965072283,-0.360897989,0.798369152,0.0,1.0,0.0,0.0,2.0,0.0,1.0,0.0,0.0,1
285.0,-0.439976658,-0.360897989,0.798369152,0.0,0.0,0.0,0.0,1.0,0.0,1.0,0.0,0.0,1
286.0,0.8807693459999999,-1.1056239490000002,0.963984746,1.0,1.0,1.0,0.0,2.0,0.0,1.0,0.0,0.0,1
287.0,1.138001383,-0.733260969,2.123293909,0.0,1.0,0.0,0.0,1.0,0.0,1.0,0.0,0.0,1
288.0,0.186891331,-0.360897989,1.46083153,0.0,1.0,0.0,0.0,1.0,0.0,1.0,0.0,0.0,1
289.0,0.3706285,0.011464991,1.129600341,0.0,1.0,1.0,0.0,1.0,0.0,1.0,0.0,0.0,1
290.0,-1.239773747,1.128553931,1.129600341,1.0,1.0,0.0,0.0,2.0,0.0,1.0,0.0,0.0,1
291.0,-1.953106286,2.245642871,1.129600341,1.0,1.0,0.0,0.0,2.0,0.0,1.0,0.0,0.0,1
292.0,0.878607733,-0.360897989,0.135906773,0.0,1.0,1.0,0.0,1.0,0.0,1.0,0.0,0.0,1
293.0,-0.07250231900000001,0.7561909509999999,-0.029708822000000006,1.0,1.0,0.0,0.0,2.0,0.0,1.0,0.0,0.0,1
294.0,0.013962231,1.128553931,1.79206272,0.0,1.0,1.0,0.0,2.0,0.0,1.0,0.0,0.0,1
295.0,1.375778896,-0.733260969,0.632753557,1.0,1.0,0.0,0.0,1.0,0.0,1.0,0.0,0.0,1
296.0,-2.298964487,2.245642871,0.963984746,0.0,1.0,0.0,1.0,2.0,0.0,1.0,0.0,0.0,1
297.0,1.494667653,-1.4779869280000002,-0.526555605,1.0,1.0,1.0,1.0,2.0,0.0,1.0,0.0,0.0,1
298.0,1.34335469,-1.1056239490000002,0.798369152,1.0,1.0,0.0,0.0,2.0,0.0,1.0,0.0,0.0,1
299.0,-0.2108456,0.7561909509999999,-0.526555605,1.0,0.0,0.0,1.0,1.0,0.0,1.0,0.0,0.0,1
300.0,-0.223815282,-1.4779869280000002,0.467137962,1.0,1.0,1.0,1.0,2.0,0.0,1.0,0.0,0.0,1
301.0,0.511133394,0.383827971,-1.354633579,0.0,0.0,0.0,1.0,2.0,0.0,1.0,0.0,0.0,1
302.0,-0.344865653,0.383827971,1.626447125,1.0,1.0,0.0,0.0,2.0,0.0,1.0,0.0,0.0,1
303.0,0.316588156,0.383827971,-0.6921712,0.0,1.0,0.0,1.0,2.0,0.0,1.0,0.0,0.0,1
304.0,-0.6777541709999999,0.011464991,0.301522368,1.0,1.0,1.0,1.0,1.0,0.0,1.0,0.0,0.0,1
305.0,-0.461592795,0.383827971,-1.023402389,1.0,0.0,1.0,0.0,2.0,0.0,1.0,0.0,0.0,1
306.0,-0.24543142,-0.360897989,-0.6921712,1.0,0.0,1.0,1.0,2.0,0.0,1.0,0.0,0.0,1
307.0,-1.909874011,2.618005851,0.135906773,0.0,1.0,1.0,0.0,2.0,0.0,1.0,0.0,0.0,1
308.0,0.424668844,-1.4779869280000002,0.632753557,1.0,0.0,0.0,0.0,2.0,0.0,1.0,0.0,0.0,1
309.0,0.14582067,-1.1056239490000002,-0.526555605,1.0,1.0,1.0,0.0,2.0,0.0,1.0,0.0,0.0,1
310.0,-0.6777541709999999,-0.360897989,-0.526555605,0.0,0.0,0.0,1.0,1.0,0.0,1.0,0.0,0.0,1
311.0,-0.7426025829999999,0.7561909509999999,0.467137962,1.0,1.0,0.0,0.0,1.0,0.0,1.0,0.0,0.0,1
312.0,0.208507469,-0.360897989,1.46083153,0.0,1.0,0.0,0.0,2.0,0.0,1.0,0.0,0.0,1
313.0,0.381436569,-0.360897989,-0.526555605,1.0,1.0,1.0,0.0,1.0,0.0,1.0,0.0,0.0,1
314.0,-0.439976658,0.011464991,0.135906773,0.0,1.0,1.0,0.0,2.0,0.0,1.0,0.0,0.0,1
315.0,-1.520783535,0.383827971,1.79206272,1.0,1.0,0.0,0.0,1.0,0.0,1.0,0.0,0.0,1
316.0,0.381436569,-0.360897989,-0.029708822000000006,1.0,0.0,0.0,1.0,2.0,0.0,1.0,0.0,0.0,1
317.0,-0.483208933,0.011464991,1.129600341,0.0,1.0,0.0,0.0,1.0,0.0,1.0,0.0,0.0,1
318.0,0.273355881,-0.733260969,1.626447125,1.0,1.0,0.0,0.0,2.0,0.0,1.0,0.0,0.0,1
319.0,-1.21815761,-0.360897989,-0.029708822000000006,0.0,1.0,1.0,0.0,1.0,0.0,0.0,0.0,0.0,1
320.0,-0.958763959,0.383827971,-0.526555605,0.0,1.0,0.0,0.0,1.0,0.0,0.0,0.0,0.0,1
321.0,-0.569673483,0.383827971,0.632753557,1.0,0.0,0.0,1.0,1.0,0.0,0.0,0.0,0.0,1
322.0,-2.169267662,0.7561909509999999,-1.189017984,1.0,0.0,0.0,0.0,2.0,0.0,0.0,0.0,0.0,1
323.0,-1.996338561,0.383827971,-0.360940011,1.0,0.0,0.0,1.0,1.0,0.0,0.0,0.0,0.0,1
324.0,-0.41836052,-1.4779869280000002,0.632753557,0.0,0.0,0.0,1.0,1.0,0.0,0.0,0.0,0.0,1
325.0,-1.866641736,2.618005851,-0.6921712,1.0,1.0,0.0,0.0,1.0,0.0,0.0,0.0,0.0,1
326.0,0.64083022,-1.4779869280000002,0.467137962,0.0,0.0,0.0,0.0,1.0,0.0,0.0,0.0,0.0,1
327.0,1.051536833,-0.733260969,-0.360940011,0.0,1.0,0.0,0.0,1.0,0.0,0.0,0.0,0.0,1
328.0,1.2893143459999998,0.383827971,0.632753557,1.0,0.0,1.0,0.0,2.0,0.0,0.0,0.0,0.0,1
329.0,0.243093289,0.011464991,-1.023402389,1.0,1.0,1.0,0.0,2.0,0.0,0.0,0.0,0.0,1
330.0,1.267698209,-0.733260969,0.798369152,0.0,0.0,0.0,0.0,1.0,0.0,0.0,0.0,0.0,1
331.0,1.440627309,-0.360897989,-1.520249173,0.0,0.0,0.0,0.0,2.0,0.0,0.0,0.0,0.0,1
332.0,0.165275194,0.011464991,-0.6921712,1.0,0.0,0.0,0.0,1.0,0.0,0.0,0.0,0.0,1
333.0,-0.094118457,-0.360897989,0.467137962,1.0,1.0,0.0,0.0,2.0,0.0,0.0,0.0,0.0,1
334.0,-0.050886182,-0.360897989,1.79206272,1.0,0.0,1.0,1.0,1.0,0.0,0.0,0.0,0.0,1
335.0,-0.612905758,0.383827971,-1.189017984,0.0,0.0,0.0,0.0,1.0,0.0,0.0,0.0,0.0,1
336.0,-1.823409461,0.7561909509999999,1.129600341,1.0,0.0,0.0,1.0,1.0,0.0,0.0,0.0,0.0,1
337.0,0.4462849820000001,-1.1056239490000002,-0.526555605,1.0,0.0,0.0,0.0,1.0,0.0,0.0,0.0,0.0,1
338.0,1.116385246,-1.1056239490000002,-1.189017984,1.0,0.0,0.0,0.0,2.0,0.0,0.0,0.0,0.0,1
339.0,0.424668844,0.383827971,-1.520249173,1.0,0.0,0.0,1.0,1.0,0.0,0.0,0.0,0.0,1
340.0,-1.953106286,2.618005851,1.626447125,1.0,0.0,0.0,0.0,1.0,0.0,0.0,0.0,0.0,1
341.0,0.381436569,-0.733260969,-1.520249173,1.0,0.0,0.0,0.0,2.0,0.0,0.0,0.0,0.0,1
342.0,-1.823409461,1.873279891,0.632753557,1.0,1.0,1.0,0.0,2.0,0.0,0.0,0.0,0.0,1
343.0,0.943456145,0.383827971,0.135906773,0.0,0.0,1.0,0.0,1.0,0.0,0.0,0.0,0.0,1
344.0,0.98668842,-0.360897989,-0.857786795,1.0,1.0,0.0,0.0,1.0,0.0,0.0,0.0,0.0,1
345.0,-0.137350732,0.011464991,-1.189017984,0.0,0.0,0.0,0.0,2.0,0.0,0.0,0.0,0.0,1
346.0,0.878607733,-1.1056239490000002,-0.19532441600000006,0.0,1.0,0.0,0.0,1.0,0.0,0.0,0.0,0.0,1
347.0,-2.169267662,1.128553931,0.135906773,0.0,0.0,0.0,1.0,2.0,0.0,0.0,0.0,0.0,1
348.0,-2.039570836,0.011464991,0.301522368,1.0,1.0,1.0,0.0,1.0,0.0,0.0,0.0,0.0,1
349.0,0.856991595,0.011464991,-0.360940011,1.0,0.0,0.0,0.0,1.0,0.0,0.0,0.0,0.0,1
350.0,1.332546621,-1.4779869280000002,-1.023402389,0.0,0.0,0.0,0.0,1.0,0.0,0.0,0.0,0.0,1
351.0,-1.866641736,-0.360897989,0.301522368,0.0,0.0,0.0,1.0,1.0,0.0,0.0,0.0,0.0,1
352.0,-1.434318985,0.011464991,0.135906773,0.0,0.0,0.0,1.0,1.0,0.0,0.0,0.0,0.0,1
353.0,1.462243447,-0.360897989,-1.189017984,0.0,0.0,0.0,0.0,1.0,0.0,0.0,0.0,0.0,1
354.0,1.202849796,-0.360897989,-1.354633579,0.0,0.0,0.0,0.0,1.0,0.0,0.0,0.0,0.0,1
355.0,-1.607248085,0.7561909509999999,-1.023402389,0.0,0.0,0.0,0.0,1.0,0.0,0.0,0.0,0.0,1
356.0,-1.996338561,1.873279891,-1.685864768,1.0,0.0,0.0,1.0,2.0,0.0,0.0,0.0,0.0,1
357.0,-2.27734835,2.245642871,-0.857786795,1.0,0.0,0.0,1.0,2.0,0.0,0.0,0.0,0.0,1
358.0,-0.353512108,-0.360897989,-0.029708822000000006,0.0,1.0,0.0,0.0,1.0,0.0,0.0,0.0,0.0,1
359.0,-0.915531684,1.500916911,-1.685864768,0.0,0.0,0.0,0.0,2.0,0.0,0.0,0.0,0.0,1
360.0,-2.126035387,1.128553931,-0.19532441600000006,0.0,1.0,0.0,0.0,1.0,0.0,0.0,0.0,0.0,1
361.0,1.029920696,-0.360897989,-0.857786795,0.0,0.0,0.0,1.0,2.0,0.0,0.0,0.0,0.0,1
362.0,0.597597945,-0.360897989,-1.023402389,0.0,0.0,0.0,0.0,1.0,0.0,0.0,0.0,0.0,1
363.0,0.251739744,0.011464991,-1.354633579,0.0,0.0,0.0,0.0,2.0,0.0,0.0,0.0,0.0,1
364.0,1.375778896,-0.733260969,-0.857786795,0.0,0.0,0.0,0.0,1.0,0.0,0.0,0.0,0.0,1
365.0,-2.082803112,1.128553931,1.46083153,0.0,1.0,0.0,0.0,1.0,0.0,0.0,0.0,0.0,1
366.0,-2.082803112,1.500916911,0.135906773,1.0,0.0,0.0,0.0,1.0,0.0,0.0,0.0,0.0,1
367.0,-0.699370308,-0.360897989,-1.520249173,1.0,0.0,0.0,0.0,2.0,0.0,0.0,0.0,0.0,1
368.0,0.208507469,-0.360897989,-1.354633579,1.0,0.0,0.0,0.0,2.0,0.0,0.0,0.0,0.0,1
369.0,-1.780177186,1.873279891,-0.526555605,1.0,0.0,0.0,0.0,2.0,0.0,0.0,0.0,0.0,1
370.0,-0.094118457,0.011464991,-0.360940011,0.0,0.0,0.0,1.0,1.0,0.0,0.0,0.0,0.0,1
371.0,-0.915531684,1.128553931,0.301522368,1.0,0.0,0.0,1.0,1.0,0.0,0.0,0.0,0.0,1
372.0,1.159617521,-0.360897989,-0.526555605,1.0,0.0,0.0,0.0,1.0,0.0,0.0,0.0,0.0,1
373.0,0.078810643,-0.360897989,-0.029708822000000006,0.0,0.0,0.0,0.0,1.0,0.0,0.0,0.0,0.0,1
374.0,0.72729477,-0.733260969,-1.520249173,0.0,0.0,0.0,0.0,2.0,0.0,0.0,0.0,0.0,1
375.0,1.419011171,-0.360897989,-0.6921712,0.0,1.0,1.0,0.0,1.0,0.0,0.0,0.0,0.0,1
376.0,1.246082071,-0.360897989,-0.526555605,0.0,0.0,0.0,0.0,1.0,0.0,0.0,0.0,0.0,1
377.0,-1.131693059,0.7561909509999999,-0.857786795,1.0,0.0,0.0,1.0,2.0,0.0,0.0,0.0,0.0,1
378.0,0.856991595,-0.360897989,-0.526555605,1.0,0.0,0.0,0.0,1.0,0.0,0.0,0.0,0.0,1
379.0,0.921840008,-0.360897989,0.301522368,1.0,0.0,1.0,1.0,1.0,0.0,0.0,0.0,0.0,1
380.0,-0.50482507,-0.360897989,-0.029708822000000006,1.0,0.0,0.0,0.0,1.0,0.0,0.0,1.0,0.0,1
381.0,-0.656138033,-0.360897989,-0.857786795,1.0,0.0,0.0,0.0,1.0,0.0,0.0,1.0,0.0,1
382.0,-2.082803112,1.500916911,0.135906773,0.0,0.0,0.0,0.0,1.0,0.0,0.0,1.0,0.0,1
383.0,-1.3694705719999998,0.7561909509999999,0.301522368,0.0,1.0,1.0,1.0,1.0,0.0,0.0,1.0,0.0,1
384.0,-0.24543142,-0.360897989,0.963984746,1.0,1.0,0.0,0.0,1.0,0.0,0.0,1.0,0.0,1
385.0,-1.196541472,-0.733260969,-1.189017984,1.0,0.0,0.0,0.0,1.0,0.0,0.0,1.0,0.0,1
386.0,0.835375458,-0.733260969,-1.354633579,0.0,0.0,0.0,0.0,2.0,0.0,0.0,1.0,0.0,1
387.0,1.354162759,-1.4779869280000002,0.632753557,1.0,1.0,0.0,0.0,1.0,0.0,0.0,1.0,0.0,1
388.0,0.72729477,-0.733260969,1.46083153,1.0,1.0,1.0,0.0,1.0,0.0,0.0,1.0,0.0,1
389.0,0.186891331,-0.360897989,-0.029708822000000006,1.0,0.0,0.0,0.0,1.0,0.0,0.0,1.0,0.0,1
390.0,1.202849796,-1.4779869280000002,-1.354633579,1.0,0.0,0.0,1.0,2.0,0.0,0.0,1.0,0.0,1
391.0,0.770527045,-0.360897989,-1.189017984,0.0,0.0,0.0,1.0,1.0,0.0,0.0,1.0,0.0,1
392.0,-0.202199145,-0.733260969,-0.360940011,1.0,1.0,1.0,0.0,2.0,0.0,0.0,1.0,0.0,1
393.0,-1.853672054,1.500916911,-1.023402389,1.0,0.0,0.0,0.0,1.0,0.0,0.0,1.0,0.0,1
394.0,1.419011171,-1.4779869280000002,-1.520249173,1.0,0.0,0.0,0.0,2.0,0.0,0.0,1.0,0.0,1
395.0,-1.953106286,2.245642871,0.963984746,1.0,1.0,0.0,0.0,1.0,0.0,0.0,1.0,0.0,1
396.0,0.835375458,0.383827971,-1.520249173,1.0,0.0,0.0,0.0,2.0,0.0,0.0,1.0,0.0,1
397.0,-1.875288191,1.873279891,0.963984746,1.0,0.0,0.0,1.0,1.0,0.0,0.0,1.0,0.0,1
398.0,-0.115734595,-1.1056239490000002,2.785756287,1.0,1.0,1.0,0.0,1.0,0.0,0.0,1.0,0.0,1
399.0,0.81375932,-0.733260969,0.135906773,1.0,0.0,1.0,1.0,1.0,0.0,0.0,1.0,0.0,1
400.0,0.64083022,-0.360897989,-0.360940011,1.0,0.0,0.0,1.0,1.0,0.0,0.0,1.0,0.0,1
401.0,1.224465934,-0.733260969,-0.6921712,0.0,0.0,0.0,1.0,1.0,0.0,0.0,1.0,0.0,1
402.0,-0.24543142,0.011464991,-1.189017984,1.0,0.0,0.0,0.0,2.0,0.0,0.0,1.0,0.0,1
403.0,-0.353512108,-0.360897989,-0.857786795,1.0,0.0,0.0,1.0,2.0,0.0,0.0,1.0,0.0,1
404.0,0.5327495320000001,-1.1056239490000002,-0.19532441600000006,0.0,0.0,1.0,0.0,2.0,0.0,0.0,1.0,0.0,1
405.0,-2.298964487,2.618005851,-1.023402389,1.0,0.0,0.0,1.0,2.0,0.0,0.0,1.0,0.0,1
406.0,0.381436569,-1.1056239490000002,-1.189017984,0.0,0.0,0.0,1.0,2.0,0.0,0.0,1.0,0.0,1
407.0,1.181233658,-0.733260969,0.135906773,0.0,0.0,0.0,0.0,1.0,0.0,0.0,1.0,0.0,1
408.0,0.511133394,-0.360897989,0.135906773,0.0,1.0,1.0,0.0,2.0,0.0,0.0,1.0,0.0,1
409.0,1.159617521,0.7561909509999999,1.626447125,1.0,1.0,0.0,0.0,2.0,0.0,0.0,1.0,0.0,1
410.0,1.159617521,-1.1056239490000002,-0.6921712,1.0,0.0,0.0,0.0,1.0,0.0,0.0,1.0,0.0,1
411.0,1.332546621,-0.360897989,-0.360940011,0.0,1.0,0.0,0.0,2.0,0.0,0.0,1.0,0.0,1
412.0,0.597597945,-0.360897989,-0.19532441600000006,0.0,0.0,0.0,1.0,1.0,0.0,0.0,1.0,0.0,1
413.0,-0.15896687,0.011464991,-1.851480363,0.0,0.0,0.0,0.0,2.0,0.0,0.0,1.0,0.0,1
414.0,0.72729477,-1.1056239490000002,-0.360940011,0.0,1.0,0.0,1.0,1.0,0.0,0.0,1.0,0.0,1
415.0,-0.785834859,0.011464991,-1.189017984,0.0,0.0,0.0,1.0,1.0,0.0,0.0,1.0,0.0,1
416.0,-0.223815282,-0.733260969,-1.023402389,0.0,0.0,0.0,0.0,1.0,0.0,0.0,1.0,0.0,1
417.0,-0.050886182,-0.360897989,-0.19532441600000006,1.0,1.0,1.0,0.0,2.0,0.0,0.0,1.0,0.0,1
418.0,-0.24543142,0.011464991,-0.526555605,0.0,1.0,0.0,0.0,1.0,0.0,0.0,1.0,0.0,1
419.0,-1.4559351230000002,0.011464991,-1.520249173,1.0,0.0,0.0,0.0,2.0,0.0,0.0,1.0,0.0,1
420.0,-0.115734595,0.011464991,-1.520249173,1.0,0.0,0.0,0.0,2.0,0.0,0.0,1.0,0.0,1
421.0,0.4462849820000001,-0.733260969,0.632753557,0.0,1.0,1.0,0.0,1.0,0.0,0.0,1.0,0.0,1
422.0,0.770527045,-1.1056239490000002,-0.19532441600000006,0.0,0.0,0.0,1.0,1.0,0.0,0.0,1.0,0.0,1
423.0,-0.137350732,-1.1056239490000002,-0.6921712,1.0,0.0,0.0,0.0,2.0,0.0,0.0,1.0,0.0,1
424.0,0.770527045,-1.4779869280000002,-1.189017984,1.0,0.0,0.0,1.0,2.0,0.0,0.0,1.0,0.0,1
425.0,1.094769108,-0.360897989,-1.685864768,0.0,0.0,0.0,0.0,2.0,0.0,0.0,1.0,0.0,1
426.0,1.138001383,0.011464991,-1.520249173,1.0,0.0,0.0,0.0,2.0,0.0,0.0,1.0,0.0,1
427.0,0.705678632,-1.1056239490000002,-0.526555605,1.0,1.0,0.0,0.0,2.0,0.0,0.0,1.0,0.0,1
428.0,-0.07250231900000001,-0.360897989,0.301522368,1.0,1.0,0.0,0.0,1.0,0.0,0.0,1.0,0.0,1
429.0,-1.628864223,1.873279891,0.963984746,0.0,0.0,0.0,1.0,1.0,0.0,0.0,1.0,0.0,1
430.0,0.208507469,1.128553931,-0.526555605,1.0,0.0,0.0,0.0,1.0,0.0,0.0,1.0,0.0,1
431.0,1.332546621,-1.4779869280000002,0.632753557,0.0,0.0,0.0,1.0,2.0,0.0,0.0,1.0,0.0,1
432.0,-1.324076684,1.873279891,-1.189017984,1.0,0.0,0.0,0.0,1.0,0.0,0.0,1.0,0.0,1
433.0,0.165275194,-1.4779869280000002,1.129600341,1.0,0.0,0.0,0.0,2.0,0.0,0.0,1.0,0.0,1
434.0,0.230123606,-0.733260969,-0.029708822000000006,0.0,1.0,1.0,0.0,2.0,0.0,0.0,1.0,0.0,1
435.0,-1.953106286,1.873279891,-1.520249173,0.0,0.0,0.0,0.0,2.0,0.0,0.0,0.0,0.0,1
436.0,-1.7153287730000002,1.128553931,-1.023402389,1.0,0.0,0.0,0.0,1.0,0.0,0.0,0.0,0.0,1
437.0,-0.7426025829999999,1.128553931,-1.189017984,1.0,0.0,0.0,0.0,1.0,0.0,0.0,0.0,0.0,1
438.0,-2.255732212,1.500916911,-1.023402389,1.0,0.0,0.0,0.0,2.0,0.0,0.0,0.0,0.0,1
439.0,-1.088460784,1.128553931,-0.526555605,1.0,1.0,0.0,1.0,2.0,0.0,0.0,0.0,0.0,1
440.0,-1.283006022,1.128553931,-1.189017984,1.0,1.0,0.0,0.0,1.0,0.0,0.0,0.0,0.0,1
441.0,-0.5264412079999999,0.7561909509999999,-0.857786795,0.0,1.0,0.0,0.0,1.0,0.0,0.0,0.0,0.0,1
442.0,0.81375932,-0.733260969,-1.189017984,1.0,0.0,0.0,0.0,1.0,0.0,0.0,0.0,0.0,1
443.0,-1.045228509,1.128553931,-1.189017984,0.0,0.0,0.0,0.0,1.0,0.0,0.0,0.0,0.0,1
444.0,-1.6504803609999998,1.873279891,1.129600341,1.0,1.0,0.0,0.0,2.0,0.0,0.0,0.0,0.0,1
445.0,0.338204294,-1.4779869280000002,-0.029708822000000006,0.0,0.0,0.0,1.0,1.0,0.0,0.0,0.0,0.0,1
446.0,-1.6720964980000002,1.873279891,1.626447125,0.0,0.0,0.0,1.0,1.0,0.0,0.0,0.0,0.0,1
447.0,-1.283006022,0.011464991,-1.189017984,0.0,0.0,0.0,0.0,2.0,0.0,0.0,0.0,0.0,1
448.0,-1.283006022,1.128553931,-1.189017984,0.0,1.0,0.0,1.0,1.0,0.0,0.0,0.0,0.0,1
449.0,0.64083022,-0.360897989,-0.360940011,0.0,1.0,0.0,1.0,1.0,0.0,0.0,0.0,0.0,1
450.0,0.338204294,-0.733260969,-1.023402389,1.0,1.0,0.0,1.0,1.0,0.0,0.0,0.0,0.0,1
451.0,-0.548057346,1.500916911,-0.857786795,1.0,1.0,0.0,1.0,2.0,0.0,0.0,0.0,0.0,1
452.0,0.965072283,-0.733260969,-1.685864768,1.0,0.0,0.0,0.0,1.0,0.0,0.0,0.0,0.0,1
453.0,1.181233658,-1.850349908,-0.029708822000000006,0.0,0.0,0.0,1.0,1.0,0.0,0.0,0.0,0.0,1
454.0,1.051536833,-0.360897989,-1.354633579,0.0,1.0,0.0,0.0,2.0,0.0,0.0,0.0,0.0,1
455.0,0.489517257,0.011464991,-1.354633579,1.0,1.0,0.0,0.0,1.0,0.0,0.0,0.0,0.0,1
456.0,-1.4559351230000002,0.383827971,-0.526555605,1.0,1.0,0.0,0.0,1.0,0.0,0.0,0.0,0.0,1
457.0,0.467901119,0.383827971,-0.526555605,0.0,1.0,0.0,1.0,1.0,0.0,0.0,0.0,0.0,1
458.0,1.159617521,-0.733260969,-0.6921712,1.0,1.0,0.0,0.0,1.0,0.0,0.0,0.0,0.0,1
459.0,0.792143183,-1.1056239490000002,-0.19532441600000006,0.0,1.0,1.0,0.0,1.0,0.0,0.0,0.0,0.0,1
460.0,-0.720986446,1.128553931,-1.023402389,0.0,0.0,0.0,0.0,2.0,0.0,0.0,0.0,0.0,1
461.0,0.338204294,-0.360897989,-1.354633579,1.0,0.0,0.0,0.0,2.0,0.0,0.0,0.0,0.0,1
462.0,0.632183765,-0.360897989,-0.6921712,1.0,0.0,1.0,1.0,1.0,0.0,0.0,0.0,0.0,1
463.0,-0.8939155459999999,1.128553931,-1.520249173,1.0,1.0,0.0,1.0,2.0,0.0,0.0,0.0,0.0,1
464.0,0.424668844,-0.733260969,-0.029708822000000006,1.0,1.0,0.0,0.0,2.0,0.0,0.0,0.0,0.0,1
465.0,1.246082071,-0.733260969,-0.360940011,1.0,1.0,0.0,1.0,1.0,0.0,0.0,0.0,0.0,1
466.0,0.792143183,-1.1056239490000002,2.2889095040000003,0.0,0.0,0.0,1.0,1.0,0.0,0.0,0.0,0.0,1
467.0,0.273355881,-0.360897989,-0.029708822000000006,1.0,1.0,0.0,0.0,1.0,0.0,0.0,0.0,0.0,1
468.0,-0.267047557,1.128553931,-0.857786795,1.0,0.0,0.0,0.0,2.0,0.0,0.0,0.0,0.0,1
469.0,-0.980380097,1.500916911,-1.354633579,1.0,0.0,0.0,1.0,1.0,0.0,0.0,0.0,0.0,1
470.0,0.7489109070000001,-0.733260969,-1.023402389,1.0,0.0,0.0,1.0,2.0,0.0,0.0,0.0,0.0,1
471.0,0.81375932,0.011464991,-0.857786795,0.0,0.0,0.0,0.0,1.0,0.0,0.0,0.0,0.0,1
472.0,0.057194506,-0.360897989,-1.354633579,1.0,0.0,0.0,0.0,2.0,0.0,0.0,0.0,0.0,1
473.0,0.554365669,-0.360897989,-1.023402389,1.0,0.0,0.0,0.0,2.0,0.0,0.0,0.0,0.0,1
474.0,0.662446357,-1.1056239490000002,-0.19532441600000006,1.0,0.0,0.0,1.0,1.0,0.0,0.0,0.0,0.0,1
475.0,0.230123606,0.383827971,-1.023402389,0.0,1.0,0.0,1.0,1.0,0.0,0.0,0.0,0.0,1
476.0,-1.30462216,1.128553931,-0.857786795,1.0,1.0,0.0,0.0,1.0,0.0,0.0,0.0,0.0,1
477.0,0.316588156,-1.1056239490000002,0.467137962,0.0,1.0,0.0,1.0,1.0,0.0,0.0,0.0,0.0,1
478.0,0.72729477,-0.360897989,0.798369152,0.0,1.0,0.0,0.0,1.0,0.0,0.0,0.0,0.0,1
479.0,0.5327495320000001,-1.4779869280000002,-0.857786795,1.0,0.0,0.0,0.0,1.0,0.0,0.0,0.0,0.0,1
480.0,-0.007653907,-0.360897989,-1.520249173,1.0,1.0,0.0,0.0,1.0,0.0,0.0,0.0,0.0,1
481.0,1.505475722,-1.1056239490000002,-0.526555605,1.0,1.0,0.0,1.0,1.0,0.0,0.0,0.0,0.0,1
482.0,0.273355881,-0.360897989,-1.023402389,1.0,0.0,0.0,1.0,2.0,0.0,0.0,0.0,0.0,1
483.0,-2.082803112,1.128553931,0.467137962,1.0,1.0,0.0,1.0,2.0,0.0,0.0,0.0,0.0,1
484.0,-1.239773747,0.011464991,-0.6921712,1.0,0.0,0.0,0.0,1.0,0.0,0.0,0.0,0.0,1
485.0,-0.267047557,0.383827971,-0.526555605,1.0,0.0,0.0,0.0,2.0,0.0,0.0,0.0,0.0,1
486.0,-1.736944911,1.128553931,-0.857786795,0.0,0.0,0.0,1.0,2.0,0.0,0.0,0.0,0.0,1
487.0,-0.396744383,-0.360897989,-0.857786795,1.0,0.0,0.0,0.0,1.0,0.0,0.0,0.0,0.0,1
488.0,-1.823409461,1.873279891,0.135906773,0.0,0.0,0.0,0.0,1.0,0.0,0.0,0.0,0.0,1
489.0,-0.115734595,-0.733260969,1.46083153,1.0,1.0,0.0,0.0,1.0,0.0,0.0,0.0,0.0,1
490.0,1.159617521,-1.4779869280000002,-0.526555605,1.0,0.0,0.0,0.0,1.0,0.0,0.0,0.0,0.0,1
491.0,1.2893143459999998,-0.733260969,-0.360940011,1.0,0.0,0.0,1.0,1.0,0.0,0.0,0.0,0.0,1
492.0,-0.007653907,0.383827971,-0.360940011,1.0,1.0,1.0,1.0,2.0,0.0,0.0,0.0,0.0,1
493.0,-0.41836052,0.011464991,-0.6921712,0.0,1.0,0.0,0.0,1.0,0.0,0.0,0.0,0.0,1
494.0,1.138001383,-1.1056239490000002,2.454525098,1.0,1.0,0.0,0.0,1.0,0.0,0.0,0.0,0.0,1
495.0,-1.909874011,2.618005851,-1.023402389,1.0,0.0,0.0,0.0,1.0,0.0,0.0,0.0,0.0,1
496.0,0.662446357,0.383827971,-1.023402389,0.0,0.0,0.0,0.0,1.0,0.0,0.0,0.0,0.0,1
497.0,-1.931490149,2.245642871,-0.029708822000000006,0.0,1.0,0.0,0.0,1.0,0.0,0.0,0.0,0.0,1
498.0,-0.310279832,-0.733260969,-0.19532441600000006,1.0,0.0,0.0,1.0,2.0,0.0,0.0,0.0,0.0,1
499.0,0.316588156,-0.733260969,-0.360940011,1.0,0.0,0.0,0.0,1.0,0.0,0.0,0.0,0.0,1
500.0,0.835375458,-1.1056239490000002,-1.685864768,1.0,0.0,0.0,0.0,1.0,0.0,0.0,0.0,0.0,1
501.0,0.856991595,-0.360897989,-1.023402389,0.0,0.0,1.0,0.0,1.0,0.0,0.0,0.0,0.0,1
502.0,0.338204294,-0.360897989,-1.023402389,0.0,0.0,0.0,0.0,1.0,0.0,0.0,0.0,0.0,1
503.0,-0.310279832,-0.360897989,-0.526555605,1.0,1.0,0.0,1.0,2.0,0.0,0.0,0.0,0.0,1
504.0,0.575981807,-1.4779869280000002,-1.023402389,0.0,0.0,0.0,1.0,1.0,0.0,0.0,0.0,0.0,1
505.0,0.467901119,-1.1056239490000002,-1.023402389,1.0,0.0,0.0,0.0,1.0,0.0,0.0,0.0,0.0,1
506.0,-0.656138033,0.7561909509999999,-0.526555605,1.0,0.0,0.0,0.0,1.0,0.0,0.0,0.0,0.0,1
507.0,-0.310279832,-1.1056239490000002,0.467137962,0.0,1.0,0.0,1.0,2.0,0.0,0.0,0.0,0.0,1
508.0,0.705678632,-0.360897989,-0.029708822000000006,0.0,0.0,1.0,0.0,1.0,0.0,0.0,0.0,0.0,1
509.0,0.943456145,-0.733260969,-1.354633579,1.0,0.0,0.0,0.0,2.0,0.0,0.0,0.0,0.0,1
510.0,0.554365669,-0.360897989,-0.6921712,0.0,0.0,0.0,0.0,1.0,0.0,0.0,0.0,0.0,1
511.0,0.7489109070000001,-0.733260969,-1.520249173,0.0,0.0,0.0,0.0,2.0,0.0,0.0,0.0,0.0,1
512.0,0.81375932,-0.360897989,-1.354633579,1.0,0.0,0.0,0.0,2.0,0.0,0.0,0.0,0.0,1
513.0,0.662446357,-0.733260969,-1.189017984,1.0,1.0,0.0,0.0,1.0,0.0,0.0,0.0,0.0,1
514.0,-1.088460784,1.128553931,-0.857786795,0.0,0.0,0.0,1.0,1.0,0.0,0.0,0.0,0.0,1
515.0,-0.007653907,-1.1056239490000002,0.467137962,0.0,0.0,0.0,0.0,1.0,0.0,0.0,0.0,0.0,1
516.0,1.181233658,-1.1056239490000002,-1.189017984,0.0,0.0,0.0,0.0,2.0,0.0,0.0,0.0,0.0,1
517.0,-0.720986446,1.500916911,0.301522368,1.0,0.0,1.0,1.0,1.0,0.0,0.0,0.0,0.0,1
518.0,0.057194506,-0.360897989,-1.023402389,1.0,1.0,0.0,0.0,1.0,0.0,0.0,0.0,0.0,1
519.0,0.100426781,-0.733260969,-0.526555605,1.0,0.0,0.0,0.0,1.0,0.0,0.0,0.0,0.0,1
520.0,-1.110076922,0.383827971,-1.520249173,0.0,0.0,0.0,1.0,2.0,0.0,0.0,0.0,0.0,1
521.0,0.122042918,-0.360897989,0.632753557,1.0,1.0,1.0,1.0,1.0,0.0,0.0,0.0,0.0,1
522.0,-0.699370308,0.011464991,-1.520249173,0.0,0.0,0.0,0.0,2.0,0.0,0.0,0.0,0.0,1
523.0,0.186891331,-0.733260969,-1.189017984,0.0,0.0,0.0,0.0,1.0,0.0,0.0,0.0,0.0,1
524.0,0.143659056,-1.4779869280000002,2.123293909,0.0,1.0,0.0,0.0,1.0,0.0,0.0,0.0,0.0,1
525.0,-0.439976658,-0.360897989,-0.029708822000000006,0.0,0.0,0.0,1.0,1.0,0.0,0.0,0.0,0.0,1
526.0,-0.310279832,-0.360897989,0.135906773,0.0,0.0,0.0,0.0,1.0,0.0,0.0,0.0,0.0,1
527.0,0.100426781,-1.1056239490000002,-1.520249173,1.0,0.0,0.0,0.0,2.0,0.0,0.0,0.0,0.0,1
528.0,-1.110076922,-1.1056239490000002,-0.857786795,1.0,0.0,0.0,1.0,1.0,0.0,0.0,0.0,0.0,1
529.0,-0.202199145,-1.1056239490000002,-1.354633579,1.0,0.0,0.0,0.0,2.0,0.0,0.0,0.0,0.0,1
530.0,-0.15896687,-1.1056239490000002,-0.857786795,1.0,0.0,0.0,0.0,1.0,0.0,0.0,0.0,0.0,1
531.0,-2.731287238,2.618005851,0.798369152,1.0,1.0,0.0,1.0,1.0,0.0,0.0,0.0,1.0,1
532.0,-1.607248085,2.990368831,0.963984746,0.0,1.0,0.0,1.0,2.0,0.0,0.0,0.0,1.0,1
533.0,-1.21815761,1.500916911,-0.857786795,0.0,0.0,0.0,0.0,2.0,0.0,0.0,0.0,1.0,1
534.0,-1.326238297,1.500916911,0.467137962,0.0,1.0,0.0,1.0,2.0,0.0,0.0,0.0,1.0,1
535.0,0.078810643,0.383827971,0.963984746,0.0,1.0,0.0,1.0,1.0,0.0,0.0,0.0,1.0,1
536.0,-0.375128245,0.383827971,0.467137962,0.0,1.0,1.0,0.0,2.0,0.0,0.0,0.0,1.0,1
537.0,0.251739744,0.7561909509999999,-0.19532441600000006,0.0,1.0,0.0,0.0,2.0,0.0,0.0,0.0,1.0,1
538.0,-1.261389885,2.245642871,0.632753557,0.0,1.0,1.0,0.0,2.0,0.0,0.0,0.0,1.0,1
539.0,-0.785834859,1.128553931,-0.526555605,0.0,1.0,0.0,1.0,2.0,0.0,0.0,0.0,1.0,1
540.0,-0.591289621,-0.360897989,0.301522368,1.0,1.0,1.0,0.0,1.0,0.0,0.0,0.0,1.0,1
541.0,-1.174925334,0.7561909509999999,-0.19532441600000006,1.0,1.0,0.0,0.0,1.0,0.0,0.0,0.0,1.0,1
542.0,0.835375458,-0.733260969,1.46083153,1.0,0.0,0.0,0.0,2.0,0.0,0.0,0.0,1.0,1
543.0,-0.483208933,0.7561909509999999,-0.029708822000000006,1.0,1.0,1.0,1.0,1.0,0.0,0.0,0.0,1.0,1
544.0,0.489517257,-0.733260969,0.467137962,0.0,1.0,1.0,0.0,1.0,0.0,0.0,0.0,1.0,1
545.0,-1.47755126,1.500916911,0.467137962,0.0,1.0,1.0,1.0,2.0,0.0,0.0,0.0,1.0,1
546.0,0.403052707,-0.733260969,0.963984746,0.0,1.0,0.0,1.0,1.0,0.0,0.0,0.0,1.0,1
547.0,-0.310279832,1.500916911,-1.685864768,0.0,0.0,0.0,0.0,2.0,0.0,0.0,0.0,1.0,1
548.0,1.181233658,-1.850349908,-0.526555605,0.0,1.0,0.0,0.0,1.0,0.0,0.0,0.0,1.0,1
549.0,-1.866641736,0.011464991,-0.857786795,1.0,1.0,0.0,1.0,2.0,0.0,0.0,0.0,1.0,1
550.0,0.165275194,0.011464991,-0.029708822000000006,0.0,0.0,0.0,0.0,1.0,0.0,0.0,0.0,1.0,1
551.0,0.100426781,0.011464991,-0.19532441600000006,0.0,1.0,0.0,0.0,1.0,0.0,0.0,0.0,1.0,1
552.0,1.159617521,-1.850349908,-1.520249173,0.0,1.0,0.0,1.0,2.0,0.0,0.0,0.0,1.0,1
553.0,-1.47755126,1.873279891,0.301522368,1.0,0.0,0.0,1.0,1.0,0.0,0.0,0.0,1.0,1
554.0,-0.8290671340000001,1.128553931,0.301522368,0.0,1.0,0.0,1.0,1.0,0.0,0.0,0.0,1.0,1
555.0,0.4462849820000001,-1.4779869280000002,-0.526555605,1.0,1.0,1.0,0.0,2.0,0.0,0.0,0.0,1.0,1
556.0,-0.050886182,-0.360897989,1.46083153,0.0,1.0,0.0,0.0,1.0,0.0,0.0,0.0,1.0,1
557.0,0.965072283,0.011464991,1.46083153,1.0,1.0,1.0,0.0,1.0,0.0,0.0,0.0,1.0,1
558.0,-0.8939155459999999,-0.360897989,0.135906773,1.0,1.0,0.0,1.0,2.0,0.0,0.0,0.0,1.0,1
559.0,-2.515125863,2.990368831,1.46083153,1.0,1.0,0.0,1.0,1.0,0.0,0.0,0.0,1.0,1
560.0,1.202849796,-1.4779869280000002,1.295215936,0.0,1.0,0.0,0.0,2.0,0.0,0.0,0.0,1.0,1
561.0,-0.7426025829999999,1.128553931,-0.360940011,1.0,1.0,0.0,1.0,2.0,0.0,0.0,0.0,1.0,1
562.0,0.122042918,-0.360897989,-1.189017984,1.0,0.0,0.0,0.0,2.0,0.0,0.0,0.0,1.0,1
563.0,0.208507469,0.011464991,-0.360940011,0.0,1.0,0.0,1.0,2.0,0.0,0.0,0.0,1.0,1
564.0,-1.585631948,1.128553931,-1.520249173,0.0,0.0,0.0,0.0,2.0,0.0,0.0,0.0,1.0,1
565.0,1.332546621,0.7561909509999999,0.963984746,0.0,1.0,1.0,0.0,1.0,0.0,0.0,0.0,1.0,1
566.0,1.419011171,-0.733260969,-0.19532441600000006,0.0,1.0,0.0,0.0,1.0,0.0,0.0,0.0,1.0,1
567.0,0.208507469,1.128553931,1.129600341,1.0,1.0,1.0,0.0,1.0,0.0,0.0,0.0,1.0,1
568.0,-0.569673483,2.618005851,0.963984746,0.0,1.0,0.0,0.0,2.0,0.0,0.0,0.0,1.0,1
569.0,0.98668842,-1.1056239490000002,-0.029708822000000006,1.0,1.0,0.0,1.0,1.0,0.0,0.0,0.0,1.0,1
570.0,-0.656138033,0.011464991,-1.189017984,0.0,1.0,0.0,0.0,2.0,0.0,0.0,0.0,1.0,1
571.0,-0.24543142,0.383827971,0.135906773,1.0,1.0,0.0,1.0,1.0,0.0,0.0,0.0,1.0,1
572.0,0.684062495,-1.4779869280000002,-1.189017984,1.0,0.0,0.0,0.0,2.0,0.0,0.0,0.0,1.0,1
573.0,-0.656138033,1.128553931,1.129600341,0.0,1.0,0.0,1.0,1.0,0.0,0.0,0.0,1.0,1
574.0,0.511133394,0.011464991,-1.520249173,0.0,0.0,0.0,0.0,2.0,0.0,0.0,0.0,1.0,1
575.0,-1.023612372,1.128553931,1.626447125,1.0,1.0,0.0,0.0,1.0,0.0,0.0,0.0,1.0,1
576.0,1.0731529709999998,-0.360897989,0.798369152,0.0,1.0,1.0,0.0,2.0,0.0,0.0,0.0,1.0,1
577.0,1.419011171,-1.4779869280000002,2.785756287,0.0,1.0,0.0,1.0,1.0,0.0,0.0,0.0,1.0,1
578.0,-1.44296544,1.128553931,-0.19532441600000006,1.0,0.0,1.0,0.0,1.0,0.0,0.0,0.0,1.0,1
579.0,1.397395034,-1.4779869280000002,0.798369152,1.0,1.0,0.0,0.0,2.0,0.0,0.0,0.0,1.0,1
580.0,0.208507469,0.383827971,0.301522368,1.0,0.0,0.0,1.0,1.0,0.0,0.0,0.0,1.0,1
581.0,0.122042918,-0.360897989,0.135906773,1.0,0.0,0.0,1.0,1.0,0.0,0.0,0.0,1.0,1
582.0,1.354162759,-1.1056239490000002,-0.360940011,1.0,0.0,0.0,1.0,1.0,0.0,0.0,0.0,1.0,1
583.0,0.251739744,-0.733260969,0.963984746,0.0,0.0,0.0,1.0,1.0,0.0,0.0,0.0,1.0,1
584.0,0.72729477,-1.850349908,-1.023402389,1.0,1.0,0.0,0.0,2.0,0.0,0.0,0.0,1.0,1
585.0,1.202849796,-1.1056239490000002,0.301522368,0.0,0.0,0.0,1.0,2.0,0.0,0.0,0.0,1.0,1
586.0,1.397395034,-0.360897989,1.46083153,1.0,1.0,0.0,0.0,1.0,0.0,0.0,0.0,1.0,1
587.0,0.294972019,-0.360897989,-1.023402389,0.0,1.0,0.0,0.0,2.0,0.0,0.0,0.0,1.0,1
588.0,-0.569673483,-1.1056239490000002,-0.360940011,1.0,0.0,1.0,0.0,1.0,0.0,0.0,0.0,1.0,1
589.0,0.122042918,-0.733260969,-0.360940011,0.0,1.0,1.0,0.0,1.0,0.0,0.0,0.0,1.0,1
590.0,0.078810643,-1.1056239490000002,0.301522368,0.0,1.0,1.0,1.0,2.0,0.0,0.0,0.0,1.0,1
591.0,-0.872299409,0.7561909509999999,1.295215936,1.0,1.0,1.0,0.0,2.0,0.0,0.0,0.0,1.0,1
592.0,1.224465934,-1.4779869280000002,2.123293909,0.0,1.0,0.0,0.0,2.0,0.0,0.0,0.0,1.0,1
593.0,0.338204294,-0.733260969,0.798369152,0.0,1.0,0.0,0.0,2.0,0.0,0.0,0.0,1.0,1
594.0,0.208507469,-1.1056239490000002,0.798369152,1.0,1.0,0.0,1.0,1.0,0.0,0.0,0.0,1.0,1
595.0,0.294972019,-0.360897989,-0.19532441600000006,1.0,1.0,1.0,0.0,2.0,0.0,0.0,0.0,1.0,1
596.0,0.186891331,-0.360897989,0.467137962,0.0,1.0,0.0,1.0,1.0,0.0,0.0,0.0,1.0,1
597.0,1.029920696,-0.360897989,-1.023402389,0.0,1.0,0.0,1.0,1.0,0.0,0.0,0.0,1.0,1
598.0,-1.6720964980000002,2.245642871,1.129600341,0.0,1.0,0.0,0.0,1.0,0.0,0.0,0.0,1.0,1
599.0,1.094769108,-1.4779869280000002,2.2889095040000003,1.0,1.0,0.0,0.0,2.0,0.0,0.0,0.0,1.0,1
600.0,0.662446357,-0.733260969,-0.029708822000000006,0.0,1.0,0.0,0.0,2.0,0.0,0.0,0.0,1.0,1
601.0,1.397395034,-1.1056239490000002,-1.023402389,1.0,0.0,0.0,1.0,2.0,0.0,0.0,0.0,1.0,1
602.0,-0.569673483,-0.360897989,-0.526555605,0.0,1.0,0.0,0.0,2.0,0.0,0.0,0.0,1.0,1
603.0,-0.029270044,-0.360897989,-0.029708822000000006,1.0,1.0,0.0,1.0,2.0,0.0,0.0,0.0,1.0,1
604.0,0.943456145,-1.4779869280000002,0.467137962,1.0,0.0,0.0,1.0,1.0,0.0,0.0,0.0,1.0,1
605.0,0.662446357,-1.4779869280000002,1.626447125,1.0,0.0,0.0,1.0,1.0,0.0,0.0,0.0,1.0,1
606.0,1.267698209,-1.1056239490000002,0.798369152,1.0,0.0,1.0,0.0,2.0,0.0,0.0,0.0,1.0,1
607.0,-0.180583007,-1.850349908,-0.029708822000000006,1.0,1.0,0.0,0.0,2.0,0.0,0.0,0.0,1.0,1
608.0,-1.909874011,0.7561909509999999,1.295215936,0.0,0.0,1.0,0.0,1.0,0.0,0.0,0.0,1.0,1
609.0,-0.548057346,0.011464991,0.301522368,0.0,1.0,1.0,0.0,2.0,0.0,0.0,0.0,1.0,1
610.0,0.511133394,-0.360897989,1.295215936,0.0,1.0,0.0,0.0,1.0,0.0,0.0,0.0,1.0,1
611.0,1.440627309,-1.4779869280000002,0.467137962,1.0,1.0,0.0,0.0,1.0,0.0,0.0,0.0,1.0,1
612.0,1.440627309,-1.1056239490000002,2.454525098,0.0,1.0,0.0,0.0,1.0,0.0,0.0,0.0,1.0,1
613.0,0.359820432,0.011464991,-0.19532441600000006,1.0,1.0,0.0,0.0,2.0,0.0,0.0,0.0,1.0,1
614.0,1.051536833,-1.1056239490000002,0.963984746,1.0,1.0,0.0,0.0,1.0,0.0,0.0,0.0,1.0,1
615.0,1.051536833,0.011464991,0.632753557,0.0,1.0,0.0,1.0,1.0,0.0,0.0,0.0,1.0,1
616.0,1.483859584,-0.360897989,-0.19532441600000006,1.0,0.0,0.0,0.0,2.0,0.0,0.0,0.0,1.0,1
617.0,0.251739744,-0.360897989,1.295215936,1.0,1.0,1.0,0.0,1.0,0.0,0.0,0.0,1.0,1
618.0,0.921840008,-1.4779869280000002,1.129600341,1.0,1.0,1.0,0.0,1.0,0.0,0.0,0.0,1.0,1
619.0,1.354162759,-1.1056239490000002,-1.023402389,1.0,1.0,0.0,0.0,2.0,0.0,0.0,0.0,1.0,1
620.0,0.013962231,0.011464991,0.301522368,1.0,1.0,1.0,0.0,1.0,0.0,0.0,0.0,1.0,1
621.0,0.81375932,-0.733260969,-0.6921712,0.0,0.0,0.0,1.0,2.0,0.0,0.0,0.0,1.0,1
622.0,0.72729477,-0.360897989,0.301522368,0.0,0.0,0.0,1.0,1.0,0.0,0.0,0.0,1.0,1
623.0,0.511133394,-0.733260969,1.295215936,0.0,1.0,0.0,0.0,2.0,0.0,0.0,0.0,1.0,1
624.0,-0.288663695,0.7561909509999999,-0.029708822000000006,0.0,1.0,0.0,1.0,1.0,0.0,0.0,0.0,1.0,1
625.0,1.008304558,-1.1056239490000002,1.295215936,1.0,1.0,0.0,1.0,1.0,0.0,0.0,0.0,1.0,1
626.0,-0.288663695,-0.733260969,-0.857786795,1.0,0.0,0.0,1.0,2.0,0.0,0.0,0.0,1.0,1
627.0,-0.288663695,-0.360897989,0.467137962,1.0,1.0,0.0,0.0,1.0,0.0,0.0,0.0,1.0,1
628.0,0.72729477,-0.733260969,-0.360940011,0.0,1.0,1.0,1.0,2.0,0.0,0.0,0.0,1.0,1
629.0,0.316588156,-0.733260969,0.632753557,0.0,0.0,0.0,1.0,1.0,0.0,0.0,0.0,1.0,1
630.0,-0.396744383,0.7561909509999999,-0.029708822000000006,0.0,1.0,0.0,0.0,2.0,0.0,0.0,0.0,1.0,1
631.0,1.008304558,-1.4779869280000002,0.301522368,1.0,1.0,0.0,0.0,1.0,0.0,0.0,0.0,1.0,1
632.0,-0.850683271,0.7561909509999999,1.295215936,0.0,0.0,0.0,1.0,1.0,0.0,0.0,0.0,1.0,1
633.0,-1.434318985,0.7561909509999999,1.46083153,1.0,1.0,0.0,0.0,2.0,0.0,0.0,0.0,1.0,1
634.0,1.440627309,-1.4779869280000002,1.129600341,1.0,1.0,1.0,0.0,2.0,0.0,0.0,0.0,1.0,1
635.0,0.856991595,-0.360897989,-1.354633579,1.0,0.0,0.0,0.0,2.0,0.0,0.0,0.0,1.0,1
636.0,1.008304558,-1.1056239490000002,1.129600341,0.0,1.0,0.0,0.0,2.0,0.0,0.0,0.0,1.0,1
637.0,0.143659056,-0.733260969,1.129600341,1.0,1.0,1.0,1.0,1.0,0.0,0.0,0.0,1.0,1
638.0,0.013962231,0.383827971,-0.857786795,1.0,0.0,0.0,0.0,1.0,0.0,0.0,0.0,1.0,1
639.0,-1.239773747,-0.360897989,-0.857786795,0.0,1.0,0.0,1.0,1.0,0.0,0.0,0.0,1.0,1
640.0,-0.180583007,-0.360897989,0.301522368,0.0,1.0,0.0,0.0,2.0,0.0,0.0,0.0,1.0,1
641.0,-0.785834859,0.7561909509999999,-0.526555605,0.0,1.0,0.0,0.0,2.0,0.0,0.0,0.0,1.0,1
642.0,1.159617521,-0.360897989,-0.857786795,1.0,1.0,0.0,1.0,1.0,0.0,0.0,0.0,1.0,1
643.0,-0.958763959,1.128553931,0.963984746,0.0,1.0,0.0,0.0,1.0,0.0,0.0,0.0,1.0,1
644.0,-0.375128245,-0.360897989,0.135906773,1.0,1.0,0.0,0.0,2.0,0.0,0.0,0.0,1.0,1
645.0,-0.548057346,-0.360897989,-0.19532441600000006,0.0,0.0,1.0,1.0,2.0,0.0,0.0,0.0,1.0,1
646.0,-0.15896687,0.383827971,1.295215936,1.0,1.0,0.0,0.0,1.0,0.0,0.0,0.0,1.0,1
647.0,-0.764218721,0.7561909509999999,-0.857786795,1.0,0.0,0.0,1.0,2.0,0.0,0.0,0.0,1.0,1
648.0,0.100426781,0.011464991,-0.526555605,0.0,1.0,1.0,0.0,2.0,0.0,0.0,0.0,1.0,1
649.0,-1.758561048,0.383827971,-0.857786795,0.0,0.0,0.0,1.0,2.0,0.0,0.0,0.0,0.0,1
650.0,-0.050886182,1.500916911,1.129600341,1.0,0.0,1.0,0.0,2.0,0.0,0.0,0.0,0.0,1
651.0,-0.850683271,0.7561909509999999,0.467137962,0.0,1.0,0.0,0.0,2.0,0.0,0.0,0.0,0.0,1
652.0,0.230123606,0.011464991,1.295215936,0.0,1.0,1.0,0.0,1.0,0.0,0.0,0.0,0.0,1
653.0,-0.15896687,-0.733260969,-0.857786795,1.0,1.0,0.0,1.0,2.0,0.0,0.0,0.0,0.0,1
654.0,-1.585631948,1.128553931,1.626447125,0.0,0.0,0.0,0.0,1.0,0.0,0.0,0.0,0.0,1
655.0,-0.50482507,0.011464991,-0.6921712,0.0,0.0,0.0,1.0,1.0,0.0,0.0,0.0,0.0,1
656.0,-1.801793323,1.873279891,2.951371882,1.0,1.0,0.0,0.0,2.0,0.0,0.0,0.0,0.0,1
657.0,-1.023612372,1.128553931,0.467137962,0.0,1.0,0.0,1.0,1.0,0.0,0.0,0.0,0.0,1
658.0,-0.353512108,0.7561909509999999,-1.354633579,0.0,0.0,0.0,0.0,2.0,0.0,0.0,0.0,0.0,1
659.0,-1.088460784,0.383827971,-1.520249173,1.0,0.0,0.0,0.0,2.0,0.0,0.0,0.0,0.0,1
660.0,1.159617521,-0.360897989,0.467137962,0.0,1.0,1.0,0.0,2.0,0.0,0.0,0.0,0.0,1
661.0,0.186891331,0.011464991,-0.029708822000000006,0.0,1.0,0.0,1.0,1.0,0.0,0.0,0.0,0.0,1
662.0,-0.7426025829999999,1.128553931,-0.360940011,1.0,1.0,0.0,0.0,2.0,0.0,0.0,0.0,0.0,1
663.0,0.684062495,0.011464991,1.626447125,1.0,1.0,0.0,0.0,2.0,0.0,0.0,0.0,0.0,1
664.0,-0.483208933,-0.733260969,1.129600341,1.0,0.0,0.0,1.0,2.0,0.0,0.0,0.0,0.0,1
665.0,-2.190883799,1.873279891,-1.023402389,1.0,0.0,1.0,0.0,2.0,0.0,0.0,0.0,0.0,1
666.0,-0.375128245,-0.360897989,-1.023402389,0.0,0.0,0.0,1.0,1.0,0.0,0.0,0.0,0.0,1
667.0,-0.029270044,0.011464991,-0.360940011,1.0,1.0,1.0,0.0,1.0,0.0,0.0,0.0,0.0,1
668.0,0.856991595,-1.1056239490000002,-0.6921712,1.0,0.0,0.0,1.0,2.0,0.0,0.0,0.0,0.0,1
669.0,0.90022387,-0.360897989,-0.360940011,0.0,1.0,0.0,0.0,2.0,0.0,0.0,0.0,0.0,1
670.0,0.81375932,-1.1056239490000002,0.632753557,0.0,1.0,1.0,0.0,2.0,0.0,0.0,0.0,0.0,1
671.0,1.419011171,-0.360897989,-0.6921712,0.0,0.0,0.0,1.0,2.0,0.0,0.0,0.0,0.0,1
672.0,-1.56401581,1.500916911,0.632753557,1.0,1.0,0.0,0.0,2.0,0.0,0.0,0.0,0.0,1
673.0,-0.310279832,0.7561909509999999,0.798369152,0.0,0.0,0.0,1.0,1.0,0.0,0.0,0.0,0.0,1
674.0,0.770527045,1.128553931,0.798369152,1.0,1.0,0.0,0.0,2.0,0.0,0.0,0.0,0.0,1
675.0,1.462243447,0.011464991,-0.19532441600000006,1.0,0.0,0.0,1.0,1.0,0.0,0.0,0.0,0.0,1
676.0,1.440627309,-1.1056239490000002,0.467137962,0.0,1.0,1.0,0.0,2.0,0.0,0.0,0.0,0.0,1
677.0,1.310930484,-1.4779869280000002,-0.029708822000000006,0.0,0.0,0.0,0.0,1.0,0.0,0.0,0.0,0.0,1
678.0,0.662446357,-0.733260969,0.467137962,1.0,1.0,0.0,0.0,2.0,0.0,0.0,0.0,0.0,1
679.0,1.094769108,0.011464991,0.632753557,0.0,1.0,0.0,1.0,2.0,0.0,0.0,0.0,0.0,1
680.0,0.230123606,0.011464991,1.295215936,0.0,1.0,0.0,0.0,1.0,0.0,0.0,0.0,0.0,1
681.0,-0.439976658,0.011464991,2.620140693,1.0,1.0,1.0,0.0,1.0,0.0,0.0,0.0,0.0,1
682.0,-0.850683271,-0.360897989,-1.023402389,0.0,1.0,1.0,0.0,2.0,0.0,0.0,0.0,0.0,1
683.0,1.224465934,0.011464991,0.467137962,1.0,1.0,0.0,0.0,2.0,0.0,0.0,0.0,0.0,1
684.0,0.921840008,-0.733260969,0.798369152,0.0,1.0,0.0,1.0,1.0,0.0,0.0,0.0,0.0,1
685.0,-0.15896687,-1.4779869280000002,-0.360940011,1.0,1.0,1.0,1.0,2.0,0.0,0.0,0.0,0.0,1
686.0,1.138001383,-0.360897989,-1.023402389,1.0,1.0,0.0,1.0,2.0,0.0,0.0,0.0,0.0,1
687.0,0.921840008,-0.360897989,0.632753557,0.0,1.0,1.0,1.0,2.0,0.0,0.0,0.0,0.0,1
688.0,1.440627309,-0.733260969,0.467137962,0.0,1.0,1.0,0.0,1.0,0.0,0.0,0.0,0.0,1
689.0,1.202849796,-1.4779869280000002,0.963984746,1.0,1.0,0.0,0.0,1.0,0.0,0.0,0.0,0.0,1
690.0,-1.823409461,1.128553931,1.957678314,1.0,1.0,0.0,0.0,2.0,0.0,0.0,0.0,0.0,1
691.0,1.375778896,-1.1056239490000002,1.957678314,0.0,1.0,1.0,1.0,1.0,0.0,0.0,0.0,0.0,1
692.0,-1.39108671,0.383827971,1.957678314,0.0,1.0,0.0,0.0,2.0,0.0,0.0,0.0,0.0,1
693.0,1.462243447,-0.360897989,-0.360940011,1.0,1.0,1.0,1.0,2.0,0.0,0.0,0.0,0.0,1
694.0,0.122042918,0.011464991,-0.19532441600000006,0.0,0.0,0.0,1.0,2.0,0.0,0.0,0.0,0.0,1
695.0,0.770527045,0.383827971,0.467137962,0.0,1.0,0.0,0.0,2.0,0.0,0.0,0.0,0.0,1
696.0,-2.255732212,2.245642871,-0.360940011,0.0,1.0,0.0,1.0,2.0,0.0,0.0,0.0,0.0,1
697.0,-1.4559351230000002,2.245642871,1.129600341,0.0,1.0,0.0,1.0,2.0,0.0,0.0,0.0,0.0,1
698.0,0.403052707,0.011464991,0.135906773,0.0,0.0,0.0,1.0,2.0,0.0,0.0,0.0,0.0,1
699.0,1.483859584,-0.360897989,-0.029708822000000006,1.0,1.0,0.0,1.0,1.0,0.0,0.0,0.0,0.0,1
700.0,0.835375458,0.011464991,1.129600341,0.0,1.0,0.0,0.0,1.0,0.0,0.0,0.0,0.0,1
701.0,-0.180583007,-0.360897989,0.963984746,0.0,1.0,1.0,0.0,2.0,0.0,0.0,0.0,0.0,1
702.0,-0.223815282,-0.360897989,-1.685864768,0.0,0.0,0.0,0.0,2.0,0.0,0.0,0.0,0.0,1
703.0,0.792143183,-0.360897989,-1.023402389,0.0,0.0,0.0,1.0,2.0,0.0,0.0,0.0,0.0,1
704.0,-0.915531684,0.7561909509999999,1.129600341,1.0,0.0,0.0,0.0,2.0,0.0,0.0,0.0,0.0,1
705.0,-0.461592795,0.011464991,0.301522368,0.0,1.0,0.0,0.0,2.0,0.0,0.0,0.0,0.0,1
706.0,-0.548057346,-0.360897989,-0.857786795,1.0,0.0,0.0,0.0,2.0,0.0,0.0,0.0,0.0,1
707.0,-0.007653907,0.7561909509999999,-0.029708822000000006,1.0,1.0,1.0,1.0,1.0,0.0,0.0,0.0,0.0,1
708.0,0.230123606,0.7561909509999999,-0.526555605,1.0,1.0,0.0,1.0,1.0,0.0,0.0,0.0,0.0,1
709.0,0.575981807,-0.360897989,0.467137962,0.0,1.0,0.0,0.0,2.0,0.0,0.0,0.0,0.0,1
710.0,-1.736944911,2.245642871,0.301522368,1.0,0.0,1.0,1.0,1.0,0.0,0.0,0.0,0.0,1
711.0,-1.4559351230000002,1.500916911,-0.360940011,1.0,1.0,0.0,0.0,1.0,0.0,0.0,0.0,0.0,1
712.0,-0.461592795,0.7561909509999999,-0.857786795,1.0,0.0,0.0,1.0,2.0,0.0,0.0,0.0,0.0,1
713.0,0.662446357,-0.360897989,0.632753557,0.0,1.0,0.0,0.0,1.0,0.0,0.0,0.0,0.0,1
714.0,-0.15896687,-0.733260969,1.129600341,1.0,1.0,1.0,0.0,1.0,0.0,0.0,0.0,0.0,1
715.0,1.159617521,-0.360897989,-0.526555605,0.0,1.0,0.0,0.0,2.0,0.0,0.0,0.0,0.0,1
716.0,1.310930484,-1.1056239490000002,-1.685864768,1.0,0.0,0.0,0.0,2.0,0.0,0.0,0.0,0.0,1
717.0,-0.267047557,0.383827971,1.46083153,0.0,1.0,0.0,0.0,2.0,0.0,0.0,0.0,0.0,0
718.0,-1.801793323,1.873279891,0.798369152,0.0,1.0,0.0,0.0,1.0,0.0,0.0,0.0,0.0,0
719.0,-1.7153287730000002,1.873279891,0.301522368,0.0,0.0,0.0,0.0,2.0,0.0,0.0,0.0,0.0,0
720.0,0.424668844,0.7561909509999999,0.798369152,0.0,1.0,0.0,0.0,1.0,0.0,0.0,0.0,0.0,0
721.0,1.051536833,-0.733260969,-1.354633579,0.0,0.0,0.0,1.0,2.0,0.0,0.0,0.0,0.0,0
722.0,-1.7153287730000002,-0.733260969,0.963984746,1.0,1.0,1.0,0.0,1.0,0.0,0.0,0.0,0.0,0
723.0,-2.169267662,2.618005851,-0.6921712,0.0,1.0,0.0,1.0,1.0,0.0,0.0,0.0,0.0,0
724.0,1.159617521,-0.733260969,-0.360940011,0.0,0.0,0.0,1.0,2.0,0.0,0.0,0.0,0.0,0
725.0,1.246082071,-0.733260969,1.129600341,1.0,0.0,0.0,0.0,1.0,0.0,0.0,0.0,0.0,0
726.0,0.705678632,-0.360897989,0.135906773,0.0,1.0,1.0,0.0,2.0,0.0,0.0,0.0,0.0,0
727.0,0.057194506,0.011464991,-0.360940011,1.0,0.0,0.0,1.0,2.0,0.0,0.0,0.0,0.0,0
728.0,1.159617521,-0.360897989,-0.857786795,0.0,0.0,0.0,1.0,1.0,0.0,0.0,0.0,0.0,0
729.0,1.332546621,-0.733260969,0.632753557,0.0,0.0,1.0,1.0,1.0,0.0,0.0,0.0,0.0,0
730.0,-0.8939155459999999,0.7561909509999999,0.632753557,0.0,1.0,1.0,0.0,1.0,0.0,0.0,0.0,0.0,0
731.0,0.511133394,0.011464991,-0.360940011,0.0,1.0,0.0,0.0,1.0,0.0,0.0,0.0,0.0,0
732.0,-1.0019962340000002,1.128553931,-1.189017984,1.0,0.0,0.0,1.0,2.0,0.0,0.0,0.0,0.0,0
733.0,0.81375932,-1.1056239490000002,2.2889095040000003,0.0,1.0,0.0,0.0,1.0,0.0,0.0,0.0,0.0,0
734.0,-0.07250231900000001,-0.360897989,0.135906773,0.0,0.0,0.0,1.0,1.0,0.0,0.0,0.0,0.0,0
735.0,-0.137350732,-0.360897989,-1.023402389,1.0,0.0,1.0,1.0,1.0,0.0,0.0,0.0,0.0,0
736.0,0.359820432,-0.733260969,-0.029708822000000006,0.0,1.0,1.0,0.0,2.0,0.0,0.0,0.0,0.0,0
737.0,0.705678632,-1.1056239490000002,-0.526555605,0.0,0.0,1.0,1.0,1.0,0.0,0.0,0.0,0.0,0
738.0,-2.169267662,2.618005851,-1.354633579,0.0,0.0,0.0,0.0,2.0,0.0,0.0,0.0,0.0,0
739.0,-1.888257874,2.245642871,0.135906773,1.0,0.0,1.0,1.0,1.0,0.0,0.0,0.0,0.0,0
740.0,1.246082071,-1.4779869280000002,0.301522368,1.0,1.0,1.0,1.0,1.0,0.0,0.0,0.0,0.0,0
741.0,-0.33189597,-0.360897989,1.46083153,1.0,1.0,0.0,0.0,1.0,0.0,0.0,0.0,0.0,0
742.0,-0.007653907,-0.360897989,1.79206272,0.0,1.0,1.0,1.0,1.0,0.0,0.0,0.0,0.0,0
743.0,0.72729477,-0.733260969,1.129600341,0.0,1.0,0.0,0.0,2.0,0.0,0.0,0.0,0.0,0
744.0,1.181233658,-1.4779869280000002,0.467137962,0.0,0.0,0.0,0.0,1.0,0.0,0.0,0.0,0.0,0
745.0,-0.288663695,-1.4779869280000002,0.467137962,1.0,1.0,0.0,0.0,2.0,0.0,0.0,0.0,0.0,0
746.0,-0.137350732,-0.360897989,0.135906773,0.0,1.0,0.0,1.0,2.0,0.0,0.0,0.0,0.0,0
